M_Code,Area (km2),Population 2015 census,Pop. Density 2015 per km2,Poverty (%),Rainfallme,Avg. Windspeed (km/h),Distance from typhoon path (km),Poor,Predicted Houses damaged,Predicted priority
PH012801000,111.185,1792,16.11728201,10.10044643,340.3829533,120.0,31.47289916,18100.0000026,1600.72073231,4
PH012802000,55.346,32215,582.0655513,2.07046407,280.6850933,110.0,0.347622594,66700.000015,2274.78175934,4
PH012803000,80.758,31616,391.4906263,4.991143725,379.5713127,90.0175243,41.42540656,157800.00001,1203.48259771,3
PH012804000,115.126,14672,127.4429755,3.748636859,369.1035358,121.3063623,28.00790106,54999.9999952,1670.5105556,4
PH012805000,158.252,55201,348.8170766,3.224579265,315.5452297,99.47106026,24.86817334,178000.000007,2688.94729222,5
PH012806000,137.204,9777,71.25885543,3.917357062,385.7506431,123.4759738,22.77919939,38299.9999952,1711.63277077,4
PH012807000,173.135,1567,9.050740751,3.956604978,356.545834,113.3236507,5.382585093,6200.00000053,2111.25753514,4
PH012808000,33.405,12184,364.735818,3.373276428,357.6252714,98.30931641,31.19780947,41099.9999988,1249.47427107,4
PH012809000,108.434,38562,355.626464,4.377366319,319.5589885,102.5564992,15.16365853,168799.999993,2964.24999978,5
PH012810000,66.78,2947,44.12997904,2.409229725,356.3037609,120.0,30.42202172,7099.99999957,1527.23661988,4
PH012811000,91.199,19438,213.138302,4.496347361,356.3454165,98.05710043,29.01207911,87400.0000031,1491.80218546,4
PH012812000,110.147,111125,1008.879043,1.661192351,292.3968129,110.0,9.157652978,184600.000005,4849.61967512,5
PH012813000,79.458,17777,223.728259,4.764583451,324.1587371,100.0,21.50063636,84700.0000084,1572.99575549,4
PH012814000,608.947,9506,15.61055396,6.027771934,365.725,100.4225448,22.24258055,57300.0000046,2082.21574762,4
PH012815000,193.261,23770,122.9942927,4.850652082,386.3,114.610004,40.18112489,115299.999989,1420.78243913,4
PH012816000,66.453,24866,374.1892766,3.446473096,313.9518838,100.7878756,23.04576276,85700.0000051,1675.70216124,4
PH012817000,176.805,28980,163.9093917,3.56452726,333.7204775,115.0531835,11.31795824,103299.999995,2952.47794447,5
PH012818000,123.657,21497,173.8437775,3.442340792,313.7076437,110.0,3.373819802,74000.0000056,2132.13246065,4
PH012819000,63.666,17300,271.730594,4.895953757,353.7883927,90.09349741,35.71286939,84699.9999961,1283.54602179,4
PH012820000,41.978,36736,875.1250655,2.006206446,289.718438,109.5397295,13.444024,73700.0000003,2219.21676243,4
PH012821000,56.941,25212,442.7740995,2.22513089,290.7368687,107.5547105,12.32688133,56099.9999987,2022.28807378,4
PH012822000,90.388,24121,266.8606452,3.337340906,343.0332408,109.4296313,9.680900564,80499.9999936,2313.48965123,4
PH012823000,531.249,32220,60.64952593,3.013656114,320.55,116.5950571,13.03050215,97099.9999931,3407.17121726,5
PH012901000,114.512,6695,58.46548833,9.006721434,669.5972252,60.0,141.3180883,60300.0000006,175.022055812,1
PH012902000,25.118,7748,308.4640497,5.033557047,663.1425931,76.16975276,109.1603168,39000.0000002,223.380214111,2
PH012903000,75.191,35731,475.2031493,2.283731214,484.4296789,80.0,75.12744754,81600.0000074,273.255182206,2
PH012904000,50.975,12224,239.8038254,4.131217277,677.8171199,80.0,101.3325884,50499.999994,207.301900036,2
PH012905000,112.323,37501,333.8675071,4.527879257,480.0637555,86.60798897,53.9791941,169800.000017,882.55599862,3
PH012906000,77.653,60623,780.6910229,2.657407255,663.9455027,70.0,115.6991822,161100.00002,142.896815686,1
PH012907000,17.536,19861,1132.584398,3.297920548,481.9572764,80.0,84.11697891,65500.0000038,204.910698997,2
PH012908000,243.153,17211,70.78259368,8.111091744,680.775,69.21539448,126.073334,139600.000006,664.417712635,3
PH012909000,34.152,10748,314.7107051,5.089318943,676.982471,70.0,114.1349206,54699.9999994,173.615020592,1
PH012910000,54.122,4875,90.07427663,8.697435897,696.6199875,70.0,113.6381898,42399.9999979,364.159852022,3
PH012911000,34.18,4647,135.9566998,7.187432752,655.3,79.62588947,106.205948,33399.9999985,352.080891437,3
PH012912000,82.503,30792,373.2227919,4.994803845,503.0844379,80.71017603,66.52480708,153799.999995,548.965212836,3
PH012913000,42.457,5259,123.8665002,8.062369272,489.9,80.0,86.93574121,42400.0000014,413.852212751,3
PH012914000,103.464,44006,425.3266837,3.333636322,515.5796977,80.0,88.36148498,146699.999986,256.461710698,2
PH012915000,182.539,8573,46.96530604,8.35180217,693.6,70.43731439,112.4327303,71600.0000034,635.959028459,3
PH012916000,83.039,11288,135.9361264,6.732813607,659.4,70.0,119.6184522,75999.9999958,297.361206156,2
PH012917000,151.569,7407,48.86883202,7.519913595,689.5129622,77.57067256,104.898154,55699.9999982,705.993890375,3
PH012918000,17.431,8349,478.9742413,2.922505689,485.1,80.0,102.8416536,24399.9999975,192.159861081,2
PH012919000,11.755,7787,662.4415142,2.208809554,501.3018046,80.0,74.93788566,17199.999997,236.284136323,2
PH012920000,68.541,26411,385.3314075,3.676498429,513.9545566,81.67260372,60.29335508,97100.0000083,580.293876308,3
PH012921000,13.228,12758,964.4693075,2.617965198,499.7929193,80.0,77.29192003,33399.9999961,233.553027722,2
PH012922000,59.296,15340,258.7021047,2.509778357,477.0510943,80.0,83.60726977,38499.9999964,224.870235688,2
PH012923000,8.958,13945,1556.709087,2.237361061,472.8055691,80.0,80.38391372,31199.9999956,254.053991306,2
PH012924000,92.045,39868,433.1359661,3.880305007,660.0434552,69.89249078,128.8608116,154700.000019,175.043071214,1
PH012925000,44.264,25402,573.8749322,5.062593497,667.2535245,70.0,122.3065383,128600.000011,145.175063041,1
PH012926000,56.541,30321,536.2657187,2.720886514,631.1933047,80.0,96.65643619,82499.999991,234.756913482,2
PH012927000,47.803,18759,392.4230697,4.296604297,601.7934299,78.5981702,108.2273767,80600.0000074,210.910646477,2
PH012928000,48.619,27975,575.3923363,3.020554066,499.9510588,80.10739979,71.74999086,84499.9999964,273.66663382,2
PH012929000,92.309,2737,29.65041329,10.85129704,691.4569749,70.0,123.6778931,29699.9999985,171.440075714,1
PH012930000,68.93,25640,371.9715654,3.498439938,416.9840788,90.0,47.05778215,89700.0000103,800.912950508,3
PH012931000,106.419,4585,43.08441162,7.917121047,725.722049,60.0,153.7236532,36300.0000005,250.147687825,2
PH012932000,163.772,11446,69.88984686,8.24742268,675.0558078,65.55549828,133.5980831,94399.9999953,536.486854948,3
PH012933000,58.576,39277,670.5305927,4.572650661,637.9553373,60.0,141.744772,179600.000012,110.785736109,1
PH012934000,24.485,53879,2200.490096,2.154828412,480.7140487,80.0,81.37265207,116100.00001,290.291714849,2
PH013301000,48.201,63692,1321.383374,3.962821076,620.5460123,50.0,207.7545019,252399.999973,103.352523676,1
PH013302000,97.298,47458,487.7592551,5.284672763,653.7819659,50.0,197.8725111,250799.999986,96.7105490887,1
PH013303000,76.491,42078,550.1039338,3.210703931,733.111097,60.0,165.2083828,135100.000009,102.509376066,1
PH013304000,90.661,13456,148.421041,8.947681332,697.6008364,50.97240368,174.595962,120400.000003,135.379738772,1
PH013305000,62.094,39188,631.1076755,4.131366745,727.6603444,60.0,157.7499922,161900.000003,129.888853406,1
PH013306000,35.259,35947,1019.512749,5.243831196,691.0097121,60.0,148.9215536,188500.000003,117.191420337,1
PH013307000,75.896,75032,988.6160008,2.861445783,795.794311,50.0,189.8195642,214699.99999,203.844316597,2
PH013308000,36.492,8067,221.0621506,6.631957357,705.1199712,50.0,182.6638568,53499.9999989,147.766031672,1
PH013309000,46.784,22039,471.0798564,4.496574255,680.6750272,50.0,195.9391473,99100.0000059,113.753022462,1
PH013310000,40.552,35802,882.8664431,3.748393944,741.6931201,60.0,155.3968774,134199.999983,128.087519365,1
PH013311000,102.556,54221,528.696517,2.862359602,716.068405,50.0,185.5732936,155199.99998,124.659101571,1
PH013312000,52.129,19690,377.7168179,3.631284916,588.2030184,50.0,204.38348,71499.999996,107.810442557,1
PH013313000,78.436,55458,707.0477842,4.412348083,592.2282324,50.0,212.280599,244699.999987,92.5352611352,1
PH013314000,99.006,121812,1230.349676,1.906216136,771.589579,52.35719826,179.6208365,232199.999958,271.956576493,2
PH013315000,121.922,18172,149.0461114,7.429011666,749.4,59.29554499,167.1877688,134999.999995,185.318459934,2
PH013316000,50.652,37188,734.1862118,3.557599226,777.2456056,57.48512889,172.8230629,132300.000016,106.028572018,1
PH013317000,41.027,39092,952.8359373,4.576383915,623.877592,50.0,211.9715215,178900.000005,117.225465136,1
PH013318000,114.282,12476,109.168548,8.287912793,738.8,60.0,159.4980044,103400.000005,241.499856911,2
PH013319000,89.948,17056,189.6206697,4.643527205,693.3854303,60.0,149.7664264,79200.0000085,120.432580436,1
PH013320000,54.395,28729,528.1551613,5.095896133,596.7193134,50.0,203.6442546,146400.000005,123.943310214,1
PH015501000,166.129,28052,168.8567318,7.874661343,523.395715,40.91757948,254.6831691,220899.999994,305.532787945,2
PH015502000,158.077,41463,262.2962227,6.432240793,741.3864904,40.0,264.0660505,266700.0,177.056176518,1
PH015503000,162.07,89708,553.5139137,3.893744148,664.35,41.80652873,242.176674,349300.000029,178.349509433,1
PH015504000,58.592,43402,740.7495904,3.481406387,816.6424835,40.0,250.7725034,151100.000009,119.133153668,1
PH015505000,77.781,39504,507.8875304,5.888011341,771.8527548,50.0,227.8603435,232600.000015,106.816453726,1
PH015506000,78.501,57355,730.6276353,2.573446081,753.0654019,48.42688064,229.2518984,147599.999976,109.259111989,1
PH015507000,68.383,31106,454.8791366,3.957435864,807.1147719,40.33664365,238.4714253,123099.999986,121.577063707,1
PH015508000,182.184,50306,276.1274316,5.639486344,475.3,41.56784178,241.6689975,283700.000021,136.822189423,1
PH015509000,25.625,32959,1286.204878,5.006219849,824.914738,40.0,253.357974,165000.000003,139.637054578,1
PH015510000,41.439,32307,779.6278868,4.596527068,804.8571036,40.0,255.5664916,148499.999986,148.036063131,1
PH015511000,136.903,118205,863.4215466,5.52514699,862.3,40.0,259.2463774,653099.999953,539.256182694,3
PH015512000,56.564,54555,964.4827099,2.604710842,691.1002585,50.0,225.4567592,142099.999985,104.00118125,1
PH015513000,63.822,83052,1301.306759,4.144391466,761.802152,44.09697168,243.7508839,344200.000034,196.418087077,2
PH015514000,206.48,82084,397.5397133,4.473466205,601.3055171,49.67280321,229.3136997,367199.999971,189.53202666,2
PH015515000,178.816,67348,376.6329635,6.003147829,641.4,40.0,257.1438852,404299.999987,138.23202189,1
PH015516000,115.487,21637,187.3544208,6.008226649,528.7452583,40.05075305,260.5305579,130000.000004,152.592529566,1
PH015517000,47.493,95154,2003.537363,4.554721819,762.9536011,42.45678765,242.0316467,433399.999965,284.434622222,2
PH015518000,43.245,171271,3960.48098,2.46801852,786.5518105,49.96402326,236.4937848,422699.999939,293.442952359,2
PH015519000,177.924,29110,163.6091814,5.056681553,634.9450417,40.0,266.4502697,147200.000008,184.331257156,2
PH015520000,192.988,24584,127.3861587,5.568662545,657.1013217,40.0,269.9796266,136900.000006,157.617656125,1
PH015521000,103.195,23201,224.8267842,4.456704452,722.7445038,41.79349787,251.9654461,103399.999991,121.815596215,1
PH015522000,71.52,103278,1444.043624,4.5750305,765.538987,43.92161206,246.9674877,472499.999979,205.133062741,2
PH015523000,257.381,24765,96.21922364,6.262870987,584.25,40.0,256.1334813,155099.999993,243.606814899,2
PH015524000,138.075,130275,943.5089625,5.079255421,778.9243998,40.0,246.5619608,661699.999971,397.249903155,3
PH015525000,52.186,69497,1331.717319,3.502309452,679.0004848,48.55536275,232.166796,243399.999986,107.121958112,1
PH015526000,48.381,106331,2197.784254,3.113861433,685.4720381,50.0,233.360472,331100.000032,284.385730115,2
PH015527000,308.595,73241,237.3369627,6.738029246,778.8,40.0,271.5802798,493500.000006,474.872520103,3
PH015528000,20.437,37059,1813.328766,3.21109582,706.9211286,48.85095123,235.2020645,118999.999993,111.112719445,1
PH015529000,94.052,24299,258.3570791,4.02485699,638.8547367,50.0,216.8694261,97800.0,110.881696329,1
PH015530000,70.456,69555,987.2118769,3.157213716,698.003148,50.0,222.6787523,219600.000016,102.512801325,1
PH015531000,72.419,63081,871.0559384,3.294177328,811.5696978,40.0,242.8880274,207800.000028,98.1281209042,1
PH015532000,148.008,188571,1274.05951,4.201600458,757.8,40.0,252.064025,792299.999966,372.327083898,3
PH015533000,75.906,83025,1093.787052,4.395061728,672.524454,50.0,223.3731032,364899.999967,198.575149519,2
PH015534000,42.402,40848,963.3507853,4.200940071,696.4704417,50.0,228.4054648,171600.00002,117.966239244,1
PH015535000,137.77,52939,384.2563693,3.995164246,692.2,50.0,217.5605694,211500.000019,107.565295043,1
PH015536000,225.363,35574,157.8519988,4.629785799,671.6,50.0,211.2451687,164700.000014,168.125079751,1
PH015537000,85.747,32945,384.2116925,4.261648202,693.473779,50.0,223.8609292,140400.000015,132.897662746,1
PH015538000,62.649,82012,1309.071174,3.732380627,739.2976994,41.73036946,239.6103196,306099.999982,203.349729073,2
PH015539000,46.695,33038,707.5275725,3.447545251,794.2516135,48.60182867,230.6822754,113900.000003,130.458614432,1
PH015540000,12.402,15022,1211.256249,3.388363733,800.1,40.0,245.7161626,50899.9999971,125.047836721,1
PH015541000,154.971,47518,306.6251105,3.360831685,665.2277019,50.0,215.8780873,159700.000008,127.629285421,1
PH015542000,132.901,34149,256.9506625,6.070455943,694.6920129,44.57967855,245.4974459,207299.999998,163.705332684,1
PH015543000,44.01,43149,980.4362645,2.658230782,743.5882745,50.0,223.844988,114700.000013,113.683659182,1
PH015544000,258.603,73252,283.2604417,4.41080107,817.2666667,45.45732095,232.6963663,323099.99998,272.17896298,2
PH015545000,40.39,50170,1242.139143,5.581024517,778.1321878,40.0,259.4161301,280000.000018,142.211667008,1
PH015546000,95.631,132940,1390.134998,2.918609899,757.1680492,42.15013742,235.8163383,387999.999973,249.733318765,2
PH015547000,80.927,62333,770.2373744,3.089856095,783.5342765,40.0,241.8796169,192599.99997,121.441531511,1
PH015548000,41.626,31497,756.6665065,4.79093247,671.0831187,49.95335837,229.1883405,150900.000008,159.122148499,1
PH020901000,33.476,8579,256.2731509,0.0,15.32875418,50.0,280.0173178,0.0,159.810326697,1
PH020902000,89.279,2867,32.11281488,0.0,31.58572714,49.79155996,305.0188739,0.0,198.860878877,2
PH020903000,14.698,1327,90.28439243,0.0,18.77340035,50.0,269.3577668,0.0,184.665308378,2
PH020904000,11.555,1555,134.5737776,0.0,15.98886383,50.0,273.1362314,0.0,152.215541648,1
PH020905000,40.968,1621,39.56746729,0.0,20.86922985,50.0,259.1213871,0.0,199.959428636,2
PH020906000,11.305,1297,114.7279965,0.0,19.3,50.0,269.1545095,0.0,165.156061256,1
PH021501000,132.652,32497,244.9793445,3.067975505,259.05,105.7830848,46.89270156,99699.999986,1181.9390509,3
PH021502000,180.465,38883,215.4600615,3.093897076,337.2,121.5520453,7.943824592,120300.000006,3661.86742312,5
PH021503000,230.598,33571,145.5823554,2.716630425,328.15,122.947078,32.25611821,91199.9999977,2455.24226858,4
PH021504000,287.493,47860,166.4736185,3.4726285,339.1,118.2256478,2.075296947,166200.00001,4550.74402327,5
PH021505000,261.22,65649,251.3168976,3.128760529,222.9,100.9390389,65.30902634,205399.999968,1511.00238768,4
PH021506000,926.966,82782,89.30424633,3.423449542,273.9777778,129.5555182,19.45917549,283399.999986,6433.62032316,5
PH021507000,129.406,34299,265.049534,2.778506662,249.1294901,109.3889413,45.95282919,95299.9999999,1218.24475525,4
PH021508000,128.775,30175,234.3234323,3.214581607,306.8678436,109.3080497,46.77636057,96999.9999912,1032.73683318,3
PH021509000,502.573,16702,33.23298307,6.603999521,110.48,70.69906963,136.7945217,110300.0,716.135737227,3
PH021510000,89.174,24923,279.4872945,2.351241825,275.9,110.0,45.29826361,58600.0000045,865.858609588,3
PH021511000,128.969,29921,232.0014887,1.871595201,353.15,104.4292629,51.0953043,56000.0000091,896.962804956,3
PH021512000,152.416,35834,235.1065505,2.51158118,332.15,103.0257627,29.50802717,90000.0000041,2069.78389035,4
PH021513000,638.695,56661,88.71370529,2.82910644,272.6333333,124.9119648,29.627988,160299.999997,3731.22047719,5
PH021514000,527.152,38892,73.77758218,2.838630052,301.425,98.73463886,59.06693513,110399.999982,1808.1337595,4
PH021515000,78.157,27862,356.4875827,2.354461273,315.9714678,119.3631322,6.650370146,65599.9999883,2958.66119137,5
PH021516000,641.259,44506,69.40409413,2.094099672,301.4166667,116.0516669,39.28044678,93200.000002,2110.84813741,4
PH021517000,206.921,39135,189.1301511,2.790341127,338.0530465,122.1922015,17.81786788,109200.000005,3443.60687088,5
PH021518000,213.076,23596,110.7398299,3.530259366,300.2,104.862859,47.90108614,83300.0000001,1260.53827131,4
PH021519000,1138.283,48584,42.68182868,2.747818212,285.9,121.2611362,5.582994996,133500.000012,4193.34208148,5
PH021520000,132.005,23597,178.7583804,2.618976989,361.9956972,110.1262465,12.47606713,61800.0000094,2197.11585871,4
PH021521000,340.02,17994,52.92041645,4.562631988,504.8333333,114.8177302,3.183653698,82099.9999921,2713.76405419,5
PH021522000,138.319,24541,177.4232029,2.831995436,315.0463258,100.9578516,52.68663715,69499.9999949,1123.41316924,3
PH021523000,434.499,32906,75.73320077,3.160517839,219.7,89.87565795,77.45693528,104000.00001,1270.57221473,4
PH021524000,86.296,4154,48.13664596,2.383245065,342.5333921,112.4695998,42.96618092,9900.00000001,989.109857999,3
PH021525000,127.512,19038,149.303595,2.715621389,302.1895591,107.5532372,47.45264598,51700.0000038,1016.14356643,3
PH021526000,361.189,27219,75.35943786,4.335207025,405.8,118.5833782,2.51656889,118000.000013,3165.67108526,5
PH021527000,272.854,82502,302.3668335,3.475067271,342.8335878,108.9201139,19.40785634,286699.999992,5310.75711562,5
PH021528000,187.881,61535,327.5211437,3.025920208,414.2,105.863176,22.91651294,186199.999999,3801.54316401,5
PH021529000,119.554,153502,1283.955367,0.613021329,308.8889918,109.9780192,21.09161556,94100.0000442,3357.54247903,5
PH023101000,158.376,71504,451.4825479,2.397068695,404.5,70.0,106.4711764,171399.999967,236.496616337,2
PH023102000,194.521,43061,221.3694151,3.773716356,314.3131226,70.0,105.4725064,162500.000006,553.11702949,3
PH023103000,74.75,35017,468.4548495,1.936202416,356.1524192,80.0,90.12007374,67800.0000011,245.994193317,2
PH023104000,176.671,29624,167.678906,4.709019714,296.5780194,78.58568086,86.68048949,139500.000008,772.658751497,3
PH023105000,77.252,23784,307.8755243,3.224857047,330.2175739,80.0,79.09489991,76700.0000058,280.933228505,2
PH023106000,307.601,50174,163.1139041,3.386215968,274.7,97.64527456,39.549669,169899.999978,2441.98858138,4
PH023107000,63.907,39413,616.7243025,1.948595641,356.1134196,80.0,94.57899697,76799.9999987,269.101662538,2
PH023108000,336.546,129523,384.859722,1.972622623,318.8,76.61146038,94.57497227,255499.999999,442.340742073,3
PH023109000,224.505,42926,191.2028685,3.170572613,459.35,69.06744648,124.8622267,136099.999986,512.912460271,3
PH023110000,952.457,5005,5.254830402,4.875124875,278.2285714,74.00493183,98.1929536,24399.9999994,817.735913396,3
PH023111000,528.197,5687,10.76681617,6.295058906,224.825,104.9509503,38.68855303,35799.9999984,2191.9940898,4
PH023112000,443.692,79094,178.2632998,2.431284295,361.95,68.94831107,120.7839228,192300.000029,694.239040766,3
PH023113000,96.6,29904,309.5652174,2.287319422,308.3943857,80.0,74.75231261,68399.9999955,371.101621784,3
PH023114000,961.905,145568,151.3330318,2.659238294,277.6125,87.09303587,58.70650048,387099.999981,1649.54801026,4
PH023115000,464.976,45666,98.21152059,2.156965795,347.85,62.19829367,128.9804321,98499.9999945,349.789754316,3
PH023116000,45.588,19326,423.9273493,2.40091069,326.741875,80.0,88.93055135,46399.9999949,236.61598342,2
PH023117000,463.945,4253,9.167034886,6.418998354,256.9666667,112.3192583,25.15043286,27299.9999996,2382.51451365,4
PH023118000,177.828,26614,149.6614706,3.31780266,292.4276356,88.74145768,56.81194834,88299.9999932,1169.61759149,3
PH023119000,116.188,30459,262.152718,3.171476411,337.2812954,80.0,67.37780182,96600.0000026,693.852632843,3
PH023120000,163.188,31902,195.4923156,3.444925083,292.9471917,80.0,82.08055886,109899.999998,936.392973007,3
PH023121000,374.12,17260,46.13492997,7.468134415,272.7333333,89.35700346,59.03106803,128900.000003,2087.19555806,4
PH023122000,216.445,25860,119.4760794,3.352668213,364.0333333,88.01584983,57.30995311,86699.9999882,1156.97589748,3
PH023123000,125.491,24501,195.241093,3.126403004,306.6933571,80.00735295,68.88234564,76600.000001,823.771012936,3
PH023124000,126.301,52707,417.3126104,2.225510843,402.7304501,70.0,114.7997261,117300.000002,134.480893853,1
PH023125000,51.6,26998,523.2170543,2.307578339,320.1618956,80.0,83.44190443,62299.9999963,231.313543798,2
PH023126000,118.92,61773,519.4500505,2.259887006,333.1420283,80.0,76.80481498,139600.000022,399.884200951,3
PH023127000,188.268,22880,121.5288844,2.167832168,340.75,60.0,139.2845382,49600.0000038,150.443704655,1
PH023128000,386.405,20200,52.27675625,5.643564356,303.1,70.0,110.4651416,113999.999991,539.717429018,3
PH023129000,64.388,24861,386.1123191,2.300792406,378.606633,70.0,115.9298275,57200.0000056,122.689294821,1
PH023130000,103.997,31896,306.7011548,3.097567093,348.9056638,80.0,85.71528589,98799.9999983,355.595068273,3
PH023131000,1396.387,55370,39.65233134,8.020588766,287.1545455,79.39435831,79.67606495,444099.999973,1341.08165206,4
PH023132000,110.372,64505,584.432646,1.970389892,401.9079838,72.90336747,103.446391,127099.999983,257.87934344,2
PH023133000,450.182,25384,56.38608385,5.255278916,258.525,106.9056299,28.30390581,133400.000004,2856.74005666,5
PH023134000,118.921,25382,213.4358103,4.885351824,287.5875931,98.56415583,37.14456435,123999.999997,1623.30776087,4
PH023135000,151.784,134830,888.3017973,1.326114366,417.3403765,68.41558674,124.9920228,178799.999968,316.951684738,2
PH023136000,77.269,23005,297.7261256,3.729623995,291.2196654,90.89853348,46.81860781,85800.000005,932.259201788,3
PH023137000,400.366,67650,168.9703921,3.85218034,278.6333333,92.07124341,47.67870302,260600.000001,1911.30412255,4
PH025001000,177.52,15250,85.90581343,4.550819672,560.15,60.0,157.3711033,69399.999998,141.220671781,1
PH025002000,292.077,37225,127.4492685,2.256548019,552.1,50.0,190.1023009,84000.0000073,207.938938805,2
PH025003000,146.84,35501,241.7665486,2.067547393,498.2,60.0,144.1038563,73399.9999989,131.291106341,1
PH025004000,229.855,53433,232.4639447,1.963206258,566.8,55.28735582,171.9904574,104899.999984,137.50866891,1
PH025005000,142.551,61512,431.5087232,2.103654571,493.6427066,60.0,161.0669548,129399.999971,86.3732823096,1
PH025006000,210.658,18122,86.02569093,6.290696391,466.2333333,62.64809607,136.1378869,113999.999998,378.9316896,3
PH025007000,298.1,27514,92.29788662,2.41695137,479.4333333,50.0,185.8547403,66499.9999942,195.236643884,2
PH025008000,412.339,19111,46.34778665,3.306995971,491.6,50.0,196.7140088,63200.0000018,163.431838351,1
PH025009000,616.409,37705,61.16880188,6.821376475,483.0,55.51024937,169.2668189,257199.99999,317.163009467,2
PH025010000,517.73,23714,45.80379735,8.539259509,574.475,53.80230252,177.0512669,202499.999996,344.688882159,2
PH025011000,212.253,21056,99.20236699,3.11075228,478.05,60.0,155.2446366,65500.0000077,155.097508566,1
PH025012000,247.239,16180,65.44274973,5.512978986,562.9,50.0,200.2786294,89199.9999935,153.235238868,1
PH025013000,88.519,59517,672.3641252,1.367676462,487.5888212,60.0,152.6742592,81399.9999889,120.180579589,1
PH025014000,67.827,18507,272.8559423,2.361268709,498.1080067,60.0,147.2328244,43699.9999975,100.412720459,1
PH025015000,466.633,7940,17.01551326,5.251889169,628.325,50.0,213.3276395,41700.0000019,184.254381192,2
PH025701000,280.24,27787,99.15429632,4.818800158,436.3,58.81941857,151.4593942,133899.99999,207.421019275,2
PH025702000,189.051,30582,161.7658727,4.273755804,425.95,60.0,151.7078641,130699.999998,146.244537915,1
PH025703000,287.823,52569,182.6434997,4.365690806,419.7105963,60.0,141.9171261,229499.999981,224.469966272,2
PH025704000,770.335,38499,49.97695808,2.485778851,355.62,59.85024606,150.4834352,95699.9999846,215.717382939,2
PH025705000,50.158,16070,320.3875753,3.764779091,421.7671053,60.0,137.8158427,60499.9999924,103.813741726,1
PH025706000,1189.746,23484,19.73866691,7.809572475,466.1333333,50.08683051,182.9616529,183400.000003,272.653298361,2
PH030801000,76.967,39880,518.1441397,2.091273821,730.6118359,40.0,367.6410014,83399.9999815,113.384415553,1
PH030803000,89.676,96061,1071.200767,1.276272369,607.8215492,40.0,373.2961172,122600.000039,294.885694183,2
PH030806000,60.754,68071,1120.436514,2.055207063,604.2960718,40.0,384.0479666,139899.999985,116.300808983,1
PH030807000,194.51,127536,655.6783713,1.25611592,551.9,40.0,392.6400964,160199.999973,222.785771978,2
PH030808000,173.816,29901,172.0267409,4.324270091,741.8,40.0,375.0994295,129299.999991,151.732516811,1
PH030810000,89.725,56002,624.1515743,2.771329595,604.1537553,40.0,379.6678725,155199.999979,134.730359234,1
PH030811000,45.597,41823,917.2313968,2.116060541,609.5353733,40.0,376.0024876,88500.0000062,127.434507536,1
PH030812000,47.561,35298,742.1626963,2.252252252,763.05,40.0,363.5632266,79499.9999911,134.35523973,1
PH031401000,49.425,59237,1198.523015,2.267164104,678.3123957,40.0,326.855852,134300.000029,111.978272821,1
PH031402000,21.49,73929,3440.158213,2.23187112,628.3247373,40.0,341.1284198,165000.00003,245.493672245,2
PH031403000,45.782,149954,3275.392075,1.222374862,805.4992083,40.0,328.2429471,183300.000056,324.02054397,2
PH031404000,26.364,119675,4539.33394,1.968665135,667.9936233,40.0,343.3525484,235600.000031,311.778357626,2
PH031405000,72.373,76565,1057.922153,2.23992686,650.8376155,40.0,348.8007871,171500.000036,223.004275729,2
PH031406000,39.882,67039,1680.933755,2.083861633,720.216504,40.0,329.745938,139700.000015,129.354110756,1
PH031407000,46.83,108757,2322.378817,2.083544048,813.5622043,40.0,338.7237426,226600.000028,307.594607452,2
PH031408000,22.328,99730,4466.589036,1.387746917,689.306345,40.0,340.5388684,138400.000032,325.425324089,2
PH031409000,83.45,129807,1555.506291,2.516043049,763.8043208,40.0,348.7380725,326600.000062,254.663822373,2
PH031410000,70.877,252074,3556.499287,1.243682411,694.056016,40.0,343.7717017,313500.00007,240.068181292,2
PH031411000,28.354,221965,7828.348734,1.135314126,577.4365458,40.0,344.625951,251999.999978,273.049317857,2
PH031412000,31.795,209083,6575.971065,1.523318491,576.0117206,40.0,346.8792743,318500.000054,282.46438609,2
PH031413000,297.427,111348,374.370854,3.052591874,616.35,40.0,325.9538091,339899.999986,286.347274756,2
PH031415000,50.438,89075,1766.029581,3.054729161,643.434789,40.0,334.1431934,272100.000016,288.158597407,2
PH031416000,45.313,53294,1176.13047,2.536870942,753.6115134,40.0,347.6456671,135199.999983,116.759862999,1
PH031417000,35.76,107805,3014.681208,1.290292658,700.421709,40.0,336.405495,139099.999996,318.209431232,2
PH031418000,42.667,97323,2280.989992,2.044737626,802.9489711,40.0,334.0038945,198999.999975,323.80547279,2
PH031419000,166.633,104471,626.9526444,2.645710293,865.05,40.0,313.5196062,276400.00002,190.929085345,2
PH031420000,107.884,574089,5321.354418,2.57416533,617.1119083,40.0,336.0257448,1477800.00013,410.025932977,3
PH031421000,232.017,153882,663.2358836,3.20180398,865.0333333,40.0,300.8365592,492700.00005,194.214799195,2
PH031422000,101.695,94655,930.773391,2.250277323,750.936696,40.0,321.8498443,213000.000009,295.019152324,2
PH031423000,79.147,256454,3240.223887,1.904435103,620.2490262,40.0,337.0790992,488399.999905,248.500791866,2
PH031424000,975.616,22663,23.22942633,8.64404536,707.7142857,40.0,305.3246048,195899.999994,335.881254964,2
PH034901000,95.304,63543,666.7401158,4.773145744,779.947795,40.0,272.2418416,303300.000011,108.867122428,1
PH034902000,215.581,64173,297.6746559,4.413070918,719.15,40.0110975,243.1663869,283200.000021,129.587235791,1
PH034903000,189.297,302231,1596.596882,2.142731884,728.5202088,40.0,269.0382248,647600.000033,334.481935421,2
PH034904000,112.335,79007,703.3159745,3.194653638,921.1576203,40.0,301.1507733,252399.999977,180.750660074,1
PH034905000,734.707,41131,55.9828612,6.061121782,608.48,50.0,213.1990246,249300.000015,233.335724457,2
PH034906000,178.479,65039,364.4070171,5.164593552,843.5452174,40.0,248.9115318,335900.000029,101.438272586,1
PH034907000,367.519,35383,96.27529461,5.624169799,729.75,40.0,257.6569295,198999.999998,270.230789884,2
PH034908000,172.216,110303,640.4921726,1.872115899,823.1376127,40.0,289.9668794,206500.000007,215.763807517,2
PH034909000,108.429,41656,384.1776646,4.347512963,710.7273049,40.0,256.5142027,181099.999987,122.045465584,1
PH034910000,563.221,47865,84.98440222,3.257077196,800.04,40.0,278.1502624,155899.999987,216.589596726,2
PH034911000,215.488,118655,550.63391,5.009481269,845.9682825,40.0,260.440714,594399.999973,276.778597959,2
PH034912000,98.144,73184,745.6798174,5.618714473,836.9332755,40.0,284.7750372,411199.999992,237.568334494,2
PH034913000,156.274,35656,228.1633541,6.139219206,712.4934958,40.0,257.0269376,218900.000009,196.067767764,2
PH034914000,64.497,28254,438.0668868,6.253981737,809.1218014,40.0,273.0062602,176699.999997,140.172144064,1
PH034915000,100.141,39701,396.4510041,4.213999647,744.8272796,40.0,249.6759904,167299.999986,116.780672851,1
PH034916000,116.804,43788,374.8844218,5.759568832,712.4809692,44.56926621,234.4765316,252200.000016,96.6511789786,1
PH034917000,129.504,81483,629.1929207,4.84886418,804.0912274,40.0,247.3503998,395099.999979,209.135407306,2
PH034918000,46.572,14954,321.0942197,5.363113548,855.3958509,40.0,257.489109,80199.9999968,122.071863518,1
PH034919000,131.254,41041,312.6838039,3.394166809,717.1000083,40.0,264.5565244,139300.000008,131.079299086,1
PH034920000,419.799,29925,71.28411454,4.741854637,685.425,47.02854282,228.5568105,141900.000012,193.193104533,2
PH034921000,63.102,29882,473.5507591,2.145104076,788.630068,40.0,279.8895662,64099.999999,131.051487876,1
PH034922000,64.141,40592,632.8557397,6.860957824,795.5750781,40.0,267.1822937,278499.999992,172.220949479,1
PH034923000,134.492,64087,476.5116141,3.457799554,709.4353738,40.0,244.4500365,221600.000017,98.0282117913,1
PH034924000,181.37,77836,429.1558692,3.949329359,932.25,40.0,292.9497978,307399.999987,174.14167104,1
PH034925000,47.81,51612,1079.523112,2.753235682,851.7521536,40.0,295.0126423,142100.000019,110.75843676,1
PH034926000,192.012,139738,727.7565985,3.099371681,795.85,41.909416,238.1738766,433099.99996,180.033126711,1
PH034927000,50.796,65299,1285.514607,2.845372823,872.1097304,40.0,284.4041722,185799.999969,120.779063121,1
PH034928000,107.165,69467,648.2247002,2.409777304,731.0735148,40.0,276.1591239,167399.999977,145.732729021,1
PH034929000,86.225,57943,671.9976805,4.147179124,826.4618296,40.0,259.5989554,240299.999982,109.913759813,1
PH034930000,131.819,124829,946.9727429,4.695223065,821.95,40.0,257.5321616,586099.999981,362.72906825,3
PH034931000,106.952,23817,222.6886828,6.621320905,837.0595914,40.0,247.4048593,157699.999994,227.703855356,2
PH034932000,77.507,49387,637.1940599,4.284528317,852.0,40.0,281.1889314,211599.999992,103.139247796,1
PH035401000,121.14,411634,3398.002311,0.814558564,958.2222254,40.0,319.1566997,335299.999934,295.941855402,2
PH035402000,57.626,107965,1873.546663,2.810169962,811.9720669,40.0,332.0423296,303399.999947,227.167087044,2
PH035403000,187.243,133492,712.9345289,2.684805082,943.9333333,40.0,309.8531548,358400.000006,176.978244885,1
PH035404000,83.635,39460,471.8120404,2.017232641,925.163278,40.0,329.6539138,79600.0000139,122.569594811,1
PH035405000,208.114,111586,536.1772874,4.667252164,878.2468217,40.0,313.7403741,520799.999972,276.983609895,2
PH035406000,135.004,125163,927.1058635,1.784872526,883.6627492,40.0,340.9719303,223399.999972,281.988050261,2
PH035407000,44.879,117430,2616.591279,1.939027506,912.3392719,40.0,336.0675073,227700.00003,310.063298102,2
PH035408000,165.167,160838,973.7901639,2.292368719,851.45,40.0,346.4955959,368700.000027,247.491775929,2
PH035409000,97.637,250799,2568.6881,0.904309826,927.0519954,40.0,313.5607203,226800.000051,308.218905659,2
PH035410000,90.31,75850,839.8848411,3.455504285,810.4467756,40.0,345.4914993,262100.000017,177.658811134,1
PH035411000,96.988,113147,1166.60824,1.706629429,957.2804351,40.0,307.4271348,193100.000003,290.128055096,2
PH035412000,67.652,57063,843.4783894,3.751993411,787.6371814,40.0,347.2903786,214100.000012,100.281437754,1
PH035413000,124.459,154624,1242.368973,1.90332678,951.05,40.0,320.3671889,294300.000031,256.527334066,2
PH035414000,52.057,47713,916.5530092,2.548571668,876.935765,40.0,335.3433884,121599.999995,103.106752326,1
PH035415000,297.435,124381,418.1787617,2.808306735,900.1,40.0,328.8812867,349300.000006,286.740169493,2
PH035416000,70.162,306659,4370.727744,0.941762675,914.027579,40.0,325.3630696,288800.000153,258.961256412,2
PH035417000,48.09,54106,1125.098773,3.77592134,862.0057456,40.0,323.2823415,204300.000022,112.316633374,1
PH035418000,55.183,53198,964.028777,2.47189744,831.4581665,40.0,327.4315541,131500.000013,104.428352326,1
PH035419000,37.473,55178,1472.473514,2.533618471,911.1570687,40.0,317.7633299,139799.999993,117.455130557,1
PH035420000,21.662,40979,1891.745915,2.142560824,932.9107792,40.0,332.9387632,87800.0000067,127.01449865,1
PH035421000,13.87,40475,2918.168709,2.312538604,833.8078632,40.0,330.2986917,93599.9999969,138.013475412,1
PH035422000,40.119,28004,698.0233804,3.942293958,847.6630316,40.0,345.7993514,110400.0,136.007649512,1
PH036901000,25.459,11528,452.8064732,3.278972935,852.3798767,40.0,257.4795193,37799.9999947,123.790671784,1
PH036902000,207.694,69466,334.4632007,1.946275876,929.6418009,40.0,313.8430481,135200.000002,192.898581106,2
PH036903000,131.537,83248,632.8865642,1.923169325,810.0120743,40.0,271.3626805,160099.999968,255.818655068,2
PH036904000,446.955,140202,313.6825855,2.82948888,846.55,40.0,305.6971674,396699.999954,304.454575275,2
PH036905000,213.258,154188,723.0115635,2.839390873,945.623104,40.0,297.049332,437799.999926,190.538440652,2
PH036906000,122.457,87531,714.7896813,3.340530783,864.7023776,40.0,273.9413622,292399.999967,196.019489935,2
PH036907000,115.782,64017,552.9097787,3.455332177,845.3269365,40.0,283.8559363,221199.999975,93.3179762449,1
PH036908000,240.392,32232,134.081001,4.895755771,795.25,40.0,288.2872158,157800.000011,244.118511607,2
PH036909000,101.834,57787,567.4627335,3.409071244,806.7617208,40.0,260.2967434,196999.999977,122.289103946,1
PH036910000,106.742,92606,867.5685297,2.423169125,831.876329,40.0,267.7140906,224399.99999,290.666183749,2
PH036911000,32.144,23712,737.680438,2.618927126,849.8861611,40.0,267.9621251,62100.0000117,129.339927374,1
PH036912000,25.757,21350,828.9008813,4.50117096,840.501636,40.0,263.2839092,96099.999996,122.858006652,1
PH036913000,71.362,12657,177.3633026,4.163703879,838.2620185,40.0,276.6147108,52699.9999965,111.333114822,1
PH036914000,32.706,25504,779.7957561,3.795483061,825.9874479,40.0,249.9801421,96799.9999877,129.707614693,1
PH036915000,131.597,47538,361.239238,2.696789936,839.6,40.0,280.1590613,128199.999978,105.384724431,1
PH036916000,262.695,342493,1303.766726,2.229534618,892.3666667,40.0,284.5211428,763599.999923,412.647634039,3
PH036917000,109.743,63715,580.5837274,3.063642784,852.2135974,40.0,271.7513271,195199.999983,121.54475605,1
PH036918000,596.562,36253,60.76987807,7.833834441,810.275,40.0,299.6923524,283999.99999,366.779385936,3
PH037101000,669.103,57707,86.24531649,3.396468366,674.6428571,40.0,325.88868,195999.999997,218.255342167,2
PH037102000,206.185,25163,122.0408856,4.693399038,616.85,40.0,337.0378772,118099.999993,109.382094633,1
PH037103000,422.98,27174,64.2441723,3.462868919,558.8,40.0,290.5337814,94100.0000049,169.442142366,1
PH037105000,140.588,50506,359.2483,2.405654774,636.7255338,40.0,319.3899435,121500.000016,90.4811323373,1
PH037106000,248.818,47719,191.7827488,2.820679394,548.3666667,40.0,301.3568651,134600.000002,146.165953668,1
PH037108000,309.209,34947,113.020643,4.672790225,559.0666667,40.0,310.7795438,163299.999993,242.045859343,2
PH037109000,167.53,34661,206.8942876,1.99071002,559.5082242,40.0,366.0481693,69000.0000032,151.57665437,1
PH037110000,114.547,23183,202.3885392,3.079842988,641.0747468,40.0,345.7498626,71399.9999908,132.750786107,1
PH037111000,420.498,33665,80.05983382,3.638794,772.8666667,40.0,343.6645088,122500.00001,179.744172156,1
PH037112000,72.984,28360,388.5783185,2.570521862,624.8458317,40.0,352.221921,72900.0000063,119.608574035,1
PH037113000,460.323,58151,126.3265142,3.874395969,572.1,40.0,279.764793,225299.999993,199.918582426,2
PH037701000,99.573,39562,397.3165416,2.530205753,584.0106377,50.0,221.5165986,100100.0,105.225410698,1
PH037702000,419.885,24313,57.90394989,5.696540945,313.95,59.68314628,152.1952233,138499.999996,240.072566479,2
PH037703000,495.203,15835,31.97678528,6.251973476,272.225,61.13531487,134.1889745,98999.9999925,435.765550581,3
PH037704000,326.197,11322,34.70908684,5.873520579,347.0333333,52.65347775,164.3251556,66499.9999954,224.116836922,2
PH037705000,354.353,25482,71.91134264,3.433796405,800.025,40.00001507,278.1895851,87499.9999922,166.198684712,1
PH037706000,400.558,29736,74.23644017,4.210384719,438.7666667,50.0,193.4907449,125200.000004,176.877434447,1
PH037707000,335.512,40734,121.4084742,4.148868267,658.6666667,48.69398986,224.8090277,168999.999988,191.620013217,2
PH037708000,598.272,27352,45.71833547,4.368967534,679.3,42.88475862,239.6125652,119499.99999,173.423122901,1
PH041019000,266.538,134113,503.1665278,4.344843527,474.45,40.0,423.0853411,582699.999937,296.230850629,2
PH042105000,11.882,102806,8652.247096,2.481372683,560.4459407,40.0,388.1591176,255100.000048,266.583987782,2
PH042113000,141.675,37720,266.2431622,3.926299046,495.1612098,40.0,409.9450812,148100.000015,103.95839461,1
PH042116000,5.159,45846,8886.605931,1.151681717,588.1,40.0,383.0511533,52799.9999976,136.37672074,1
PH042121000,46.554,23157,497.4223482,5.94636611,487.709031,40.0,408.5061221,137700.000009,103.702678239,1
PH045602000,60.38,15630,258.8605499,4.952015355,1005.290228,40.0,373.2666421,77399.9999987,102.82155754,1
PH045603000,221.201,63432,286.7618139,3.236536764,915.2,40.0,392.5948193,205300.000014,106.408543459,1
PH045606000,264.893,26760,101.0219221,9.502989537,762.5666667,40.0,292.5560763,254300.00001,148.840954108,1
PH045607000,312.322,73139,234.1781879,6.65581974,811.4,40.0,369.612504,486799.999964,423.041105537,3
PH045617000,1321.833,29705,22.47258163,7.301801044,671.6916667,40.0,315.2496654,216900.000012,329.733680862,2
PH045619000,185.168,73877,398.9728247,3.32985909,637.2498563,40.0,394.1738027,245999.999992,147.786317253,1
PH045620000,172.224,69079,401.0997306,3.490206865,569.0,40.0,332.1363584,241100.000027,81.7179188933,1
PH045621000,51.827,7417,143.1107338,9.613051099,1049.659017,40.0,299.5035033,71300.0000013,100.906971665,1
PH045622000,376.217,95167,252.9577345,5.619595028,647.85,40.0,391.2399582,534800.00003,605.502048147,3
PH045627000,409.47,63819,155.857572,4.732133064,686.2333333,40.0,373.8528971,302000.000011,209.370455671,2
PH045631000,179.58,13546,75.43156253,9.360696885,778.9806623,40.0,290.4298184,126800.000004,187.084611645,2
PH045632000,95.878,14606,152.3394314,11.01602081,893.6701242,40.0,297.4117544,160899.999951,146.538223975,1
PH045633000,52.403,12173,232.2958609,9.447137107,1032.233333,40.0,369.9822925,115000.000004,90.4875169606,1
PH045635000,18.434,10935,593.1973527,4.535893919,727.0521662,40.0,392.0554902,49600.0000043,126.033855615,1
PH045636000,234.921,30582,130.1799328,5.944673337,738.1,40.0,312.0603256,181799.999992,225.155630291,2
PH045637000,75.663,15228,201.2608541,7.505910165,843.2553003,40.0,375.8655928,114299.999993,140.753392078,1
PH045638000,350.689,35979,102.5951769,4.769448845,457.25,40.0,349.2054067,171599.999994,253.612658817,2
PH045802000,263.377,776386,2947.812451,0.516238057,552.64484,40.0,347.0713448,400800.000122,308.334821121,2
PH045808000,235.065,369222,1570.722992,1.496931385,607.65,40.0,335.5733603,552699.999832,353.828519717,3
PH045812000,283.79,117830,415.2013813,3.598404481,531.95,40.0,347.9540523,423999.999996,218.732369833,2
PH051602000,253.978,32215,126.8416949,8.24460655,917.9,40.0,339.0198951,265600.000008,408.493774231,3
PH051603000,50.188,104799,2088.128636,3.115487743,985.684107,40.0,337.0234117,326499.999979,285.122813083,2
PH051605000,176.179,59639,338.5136708,5.099012391,806.1133722,40.0,333.0436883,304099.999987,98.2451971238,1
PH051606000,628.224,101082,160.9012072,4.863378247,775.52,40.0,344.5756517,491599.999963,447.5149133,3
PH051607000,117.935,50841,431.0933989,7.570661474,887.9005789,40.0,346.4797242,384900.0,173.121126184,1
PH051608000,157.295,59149,376.0386535,5.393159648,748.05,40.0,328.9818935,319000.00002,99.0725642786,1
PH051610000,202.836,40786,201.078704,8.169469916,870.2,40.0,355.4577508,333199.999994,363.923496139,3
PH051611000,31.827,25841,811.9206963,4.427073256,997.4376569,40.0,334.3901526,114400.000008,116.833625116,1
PH051612000,94.051,43485,462.3555305,7.400252961,854.1495908,40.0,323.9178704,321800.000009,169.761781261,1
PH051711000,273.513,47605,174.050228,8.763785317,612.625,40.0,326.2200396,417200.000016,269.728775809,2
PH051714000,244.834,27010,110.3196451,9.059607553,737.5,40.0,329.8671071,244700.000007,184.268707418,2
PH051735000,129.03,17764,137.6734093,9.440441342,924.3719746,40.0,332.0076314,167699.999999,171.414864617,1
PH051737000,328.845,67572,205.4828263,7.399514592,873.6333333,40.0,344.0178635,500000.000011,373.652929559,3
PH052001000,68.264,11551,169.2107114,6.475629816,435.3558764,40.0,287.8197533,74800.0000046,147.66880719,1
PH052002000,71.127,12848,180.6346394,7.020547945,365.2543984,40.0,308.6089509,90199.9999974,136.687514617,1
PH052004000,281.463,30056,106.784906,7.8985893,535.7666667,40.0,300.8452894,237400.000001,326.227222095,2
PH052005000,106.034,8368,78.91808288,6.500956023,353.8661856,40.0,300.0492813,54400.0000005,206.002851777,2
PH052006000,106.047,20516,193.4613898,7.364983428,499.4597517,40.0,284.708148,151100.000009,245.571003103,2
PH052007000,50.585,9287,183.5919739,6.891353505,402.7813545,40.0,291.1049839,64000.0000009,156.449280868,1
PH052010000,168.222,21624,128.5444234,7.704402516,427.35,40.0,296.6952951,166600.000006,257.249297038,2
PH133913000,1.773,66742,37643.54202,6.782835396,585.849926395,40.0,364.0037026,452700.0,157.827987786,1
PH137404000,162.485,2936116,18070.07416,1.316569236,585.849926395,40.0,350.9682154,3865599.99893,526.724047738,3
PH137501000,53.249,1583978,29746.62435,1.993525163,585.849926395,40.0,346.9427439,3157700.00064,524.470445654,3
PH137605000,17.892,416522,23279.78985,1.468349811,585.849926395,40.0,368.5521679,611599.999977,395.346242131,3
PH140101000,119.16,48163,404.1876469,3.263916284,477.7172295,80.0,67.48521893,157199.999986,534.906034127,3
PH140102000,178.413,3573,20.02656757,7.668625805,694.95,80.0,79.89962653,27400.0000013,1068.86200668,3
PH140103000,99.035,17115,172.8176907,5.194274029,515.6781648,80.0,71.3507151,88900.0000063,615.630859258,3
PH140104000,57.372,2501,43.5926933,4.678128749,605.3278295,80.0,74.69381309,11700.0000012,412.275492236,3
PH140105000,93.244,2088,22.39286174,6.561302682,443.6944134,80.0,68.96252467,13700.0,797.035890014,3
PH140106000,176.619,4192,23.73470578,4.914122137,471.1308892,85.30158625,53.05957195,20599.9999983,1226.98827616,4
PH140107000,44.657,11315,253.3757306,4.49845338,466.7777728,80.50559856,58.74179678,50899.9999947,641.971036281,3
PH140108000,52.661,15437,293.1391352,5.331346764,456.9359239,80.72061133,59.8806642,82299.9999959,740.551687937,3
PH140109000,248.107,3403,13.71585647,9.961798413,451.8098837,91.12469033,43.06921578,33899.9999994,1563.64717469,4
PH140110000,90.873,14255,156.8672763,6.096106629,480.8356558,84.39903182,57.37625386,86899.9999964,956.104716308,3
PH140111000,132.972,4499,33.83419066,5.690153367,437.8110027,90.0,45.33263504,25599.9999981,1226.34925116,4
PH140112000,89.794,3198,35.61485177,6.472795497,506.6296697,80.0,70.34683547,20699.9999994,786.641953175,3
PH140113000,275.356,4689,17.02886445,5.118362124,488.6,83.47428038,59.75724586,23999.9999994,1328.47018523,4
PH140114000,137.091,6339,46.23935926,5.521375611,701.85,80.0,92.65623679,34999.9999981,564.083185613,3
PH140115000,259.201,3428,13.22525762,7.64294049,487.3333333,88.85616409,52.19232663,26199.9999997,1710.1551105,4
PH140116000,77.114,10761,139.5466452,6.402750674,595.3631133,80.0,82.68918135,68900.0000029,434.114289221,3
PH140117000,39.568,6640,167.8123736,5.737951807,509.4,80.0,72.26783872,38099.9999985,415.465467018,3
PH140118000,54.945,12185,221.7672218,5.326220763,503.2487839,80.0,75.88319438,64899.9999972,377.541075928,3
PH140119000,84.88,10223,120.4406221,6.36799374,669.922532,80.0,92.14208619,65100.000004,399.836495707,3
PH140120000,133.405,6622,49.6383194,6.387798248,560.1090117,80.0,72.16352945,42299.9999983,868.925149426,3
PH140121000,45.047,4574,101.5383932,5.815478793,531.3300331,80.0,80.52548595,26599.9999992,457.888747701,3
PH140122000,68.468,9867,144.1111176,6.263301915,463.7138094,89.11240732,51.3968924,61799.9999953,856.136913018,3
PH140123000,57.325,5438,94.86262538,5.90290548,497.39141,80.0,80.38349511,32100.0000002,489.360376752,3
PH140124000,48.4,14467,298.9049587,5.26024746,457.9554601,80.0,64.64506173,76100.0000038,548.262365991,3
PH140125000,744.66,5097,6.84473451,8.24014126,422.6,96.6455649,32.2091475,42000.0000022,2184.90393023,4
PH140126000,431.591,5699,13.20463124,4.667485524,696.05,79.85337024,94.89156206,26600.0000013,635.591561122,3
PH140127000,88.849,5392,60.6872334,4.56231454,614.5838851,80.0,88.09506836,24599.9999997,353.010544074,3
PH141101000,178.62,19668,110.1108498,4.265812487,636.15,58.29790029,166.222302,83899.9999943,117.513606472,1
PH141102000,58.134,345366,5940.86077,0.926263732,582.8428088,50.0,190.6658432,319900.000066,252.92581748,2
PH141103000,315.461,15357,48.6811365,6.094940418,660.6,60.01540655,145.1511629,93599.9999992,238.488944076,2
PH141104000,388.871,13756,35.37419864,4.267228846,556.3,53.18073778,175.608608,58700.0000056,172.710687308,1
PH141105000,176.476,43627,247.2120855,3.092121851,512.1540817,60.0,145.2802806,134899.999994,122.171361016,1
PH141106000,436.806,59820,136.9486683,1.534603811,582.3,50.0,194.3640087,91799.999974,169.86993669,1
PH141107000,190.275,15260,80.19971094,5.950196592,525.0894051,60.0,157.9037033,90799.9999939,194.055452005,2
PH141108000,181.121,19361,106.8953904,5.27348794,680.35,56.07471459,169.8802888,102100.000006,151.304148367,1
PH141109000,167.148,17292,103.4532271,8.506823965,597.5759732,60.0,156.721239,147100.000003,320.515107256,2
PH141110000,70.479,129133,1832.219526,0.652815314,648.55,50.0,184.2967962,84299.9999428,258.034573317,2
PH141111000,146.184,35953,245.9434685,1.830167163,607.75,63.19732904,136.0245084,65800.0000113,257.408059564,2
PH141112000,101.65,11457,112.7102804,3.543685083,652.4015641,50.0,183.9052541,40599.9999959,103.73362052,1
PH141113000,342.245,47648,139.2219024,2.132303559,594.4,50.0,200.3990849,101599.999979,163.131588905,1
PH141114000,76.356,17892,234.3234323,4.303599374,550.9588644,50.0,178.2967719,76999.9999996,86.2361771271,1
PH142701000,192.223,21837,113.6024305,4.176397857,460.5662885,70.08636381,115.463835,91200.0000033,402.787464687,3
PH142702000,241.534,9400,38.91791632,4.808510638,499.1081488,69.14245582,126.2553607,45199.9999972,463.605720775,3
PH142703000,119.159,17048,143.0693443,4.487329892,517.95,67.65882785,131.9206862,76499.9999988,271.274418435,2
PH142704000,229.016,19333,84.41768261,3.082811773,471.4,69.72024808,126.2834778,59600.0000074,413.074247821,3
PH142705000,150.375,25279,168.1064007,4.394952332,481.9508625,62.38058602,136.538512,111100.000001,206.889154909,2
PH142706000,273.829,17331,63.29132415,3.069643991,459.45,71.74075407,113.2663964,53200.000008,535.01398964,3
PH142707000,358.698,32119,89.54329269,4.620318192,394.825,77.21593172,97.96991415,148400.000009,784.791582732,3
PH142708000,450.084,19408,43.12083967,7.151690025,442.3,75.34904364,104.9574232,138800.000005,878.849363247,3
PH142709000,57.259,9227,161.1449728,4.345941259,459.787037,70.0,122.3832798,40099.9999968,223.023841194,2
PH142710000,229.308,16559,72.21291887,6.691225316,504.05,60.0,145.4167653,110800.000008,306.913912577,2
PH142711000,205.453,15261,74.27976228,7.437258371,510.75,60.0,143.539213,113500.0,286.029073714,2
PH143201000,632.065,12195,19.29390173,8.093480935,439.2,88.66166416,51.20314089,98700.0000023,1743.98627463,4
PH143206000,62.438,8733,139.8667478,7.385778083,513.2547215,80.0,69.12342371,64499.9999988,727.176745357,3
PH143208000,337.113,9644,28.60761822,6.999170469,578.25,80.02079738,74.32043507,67500.000003,1212.69871912,4
PH143209000,366.111,32026,87.47620257,6.956847561,445.375,95.93822951,38.28172802,222799.999989,3056.09752981,5
PH143211000,184.744,17038,92.22491664,5.071017725,333.8065504,97.05034401,38.37441635,86399.9999986,1628.24949,4
PH143213000,689.768,110642,160.4046578,4.039153305,408.5,88.54421723,53.50907464,446899.999972,1800.95813481,4
PH143214000,338.962,9534,28.12704669,7.310677575,512.2666667,80.0,72.85696536,69700.0000001,1167.16754262,3
PH143215000,213.982,12868,60.13589928,6.535592167,510.6,80.0,81.39313688,84100.000005,1102.13111391,3
PH144401000,252.558,4819,19.08076561,5.955592447,554.8,79.39137485,99.2486332,28700.0000021,644.208486467,3
PH144402000,129.317,31065,240.2236365,4.149364236,477.9558878,69.75400875,125.0312161,128899.999991,222.252251584,2
PH144403000,130.566,7040,53.91909073,3.082386364,587.8760901,74.66286358,107.4339019,21700.0000026,425.795137444,3
PH144404000,279.979,24643,88.01731558,1.797670738,548.0333333,77.17616406,103.9242607,44299.9999965,553.976015854,3
PH144405000,359.322,10272,28.58717251,8.177570093,525.6666667,80.0,88.73737526,83999.9999953,823.793501212,3
PH144406000,471.255,28121,59.67257642,5.927954198,421.2666667,80.0,76.33357053,166700.000002,1138.19025174,3
PH144407000,113.248,9315,82.25310822,3.950617284,485.0954608,70.0,119.4136147,36800.0000005,260.64733714,2
PH144408000,176.241,8799,49.92595367,5.216501875,542.2794036,80.0,92.68998348,45899.9999981,590.252056709,3
PH144409000,64.814,11127,171.6758725,2.462478656,554.4691692,75.18952384,107.2281002,27400.0000053,236.669807396,2
PH144410000,135.607,19389,142.9793447,4.347826087,495.0353005,70.0,121.5251168,84300.0000008,315.707732703,2
PH148101000,1363.725,12604,9.242332582,4.81593145,353.0545455,116.6294412,21.94897035,60699.9999958,2275.08894252,4
PH148102000,704.189,26051,36.99432965,6.207055391,476.22,102.51874,24.82825206,161699.999991,3185.53207283,5
PH148103000,243.713,17391,71.35852417,7.020872865,390.2,122.5077145,20.04598256,122099.999995,2512.97296217,5
PH148104000,989.822,15537,15.69676164,8.071056188,462.5857143,111.3724066,5.131023013,125399.999993,2669.74758383,5
PH148105000,320.658,19063,59.44963169,6.23721345,298.1,118.5716069,32.64424491,118899.999997,2556.38869507,5
PH148106000,302.258,14925,49.37834565,7.54438861,309.9,120.6920865,16.74880045,112600.000004,2604.03039941,5
PH148107000,64.906,13613,209.734077,6.155880408,288.5467895,119.4601239,35.21230466,83799.9999941,1729.60502277,4
