ID,OBJECTID,ISO,P_Code,M_Code,Municipality,Area (km2),Avg. Elevation (m),Perimeter (m),Coastline length (m),C/P Ratio,Distance to coastline (m. mean),Distance to coastline (m. stdev),Ruggedness index (mean),Ruggedness index (stdev),Slope (mean),Slope (stdev),Landuse (Most common),Population 2010 census,Population 2013 est.,Population 2015 census,Pop. Density 2015 per km2,Poverty (%),Avg. Windspeed (km/h),Distance from typhoon path (km),Area Flooded (%),Rainfallme,Surge Height int. (m),Surge risk class (REACH),People affected,People affected (% 2010),Houses damaged,rain_oct18-20,rain oct11-18
,1,PHL,PH010000000,PH012801000,ADAMS,111.185,,,,,,,,,,,,,,1792,16.11728201,10.10044643,120,31.47289916,,340.3829533,,,,,,258.8837468,81.49920651
,2,PHL,PH010000000,PH012802000,BACARRA,55.346,,,,,,,,,,,,,,32215,582.0655513,2.07046407,110,0.347622594,,280.6850933,,,,,,189.4305894,91.25450391
,3,PHL,PH010000000,PH012803000,BADOC,80.758,,,,,,,,,,,,,,31616,391.4906263,4.991143725,90.0175243,41.42540656,,379.5713127,,,,,,268.1706933,111.4006195
,4,PHL,PH010000000,PH012804000,BANGUI,115.126,,,,,,,,,,,,,,14672,127.4429755,3.748636859,121.3063623,28.00790106,,369.1035358,,,,,,272.4008671,96.70266871
,5,PHL,PH010000000,PH012805000,CITY OF BATAC,158.252,,,,,,,,,,,,,,55201,348.8170766,3.224579265,99.47106026,24.86817334,,315.5452297,,,,,,216.3019868,99.24324286
,6,PHL,PH010000000,PH012806000,BURGOS,137.204,,,,,,,,,,,,,,9777,71.25885543,3.917357062,123.4759738,22.77919939,,385.7506431,,,,,,283.9091224,101.8415207
,7,PHL,PH010000000,PH012807000,CARASI,173.135,,,,,,,,,,,,,,1567,9.050740751,3.956604978,113.3236507,5.382585093,,356.545834,,,,,,239.4853413,117.0604927
,8,PHL,PH010000000,PH012808000,CURRIMAO,33.405,,,,,,,,,,,,,,12184,364.735818,3.373276428,98.30931641,31.19780947,,357.6252714,,,,,,255.6052161,102.0200553
,9,PHL,PH010000000,PH012809000,DINGRAS,108.434,,,,,,,,,,,,,,38562,355.626464,4.377366319,102.5564992,15.16365853,,319.5589885,,,,,,212.1523346,107.4066539
,10,PHL,PH010000000,PH012810000,DUMALNEG,66.78,,,,,,,,,,,,,,2947,44.12997904,2.409229725,120,30.42202172,,356.3037609,,,,,,267.8354838,88.46827718
,11,PHL,PH010000000,PH012811000,BANNA (ESPIRITU),91.199,,,,,,,,,,,,,,19438,213.138302,4.496347361,98.05710043,29.01207911,,356.3454165,,,,,,236.6660774,119.6793391
,12,PHL,PH010000000,PH012812000,LAOAG CITY (Capital),110.147,,,,,,,,,,,,,,111125,1008.879043,1.661192351,110,9.157652978,,292.3968129,,,,,,202.9244497,89.47236321
,13,PHL,PH010000000,PH012813000,MARCOS,79.458,,,,,,,,,,,,,,17777,223.728259,4.764583451,100,21.50063636,,324.1587371,,,,,,209.9227967,114.2359404
,14,PHL,PH010000000,PH012814000,NUEVA ERA,608.947,,,,,,,,,,,,,,9506,15.61055396,6.027771934,100.4225448,22.24258055,,365.725,,,,,,246.35,119.375
,15,PHL,PH010000000,PH012815000,PAGUDPUD,193.261,,,,,,,,,,,,,,23770,122.9942927,4.850652082,114.610004,40.18112489,,386.3,,,,,,265.8,120.5
,16,PHL,PH010000000,PH012816000,PAOAY,66.453,,,,,,,,,,,,,,24866,374.1892766,3.446473096,100.7878756,23.04576276,,313.9518838,,,,,,221.7637769,92.18810694
,17,PHL,PH010000000,PH012817000,PASUQUIN,176.805,,,,,,,,,,,,,,28980,163.9093917,3.56452726,115.0531835,11.31795824,,333.7204775,,,,,,245.7595821,87.96089538
,18,PHL,PH010000000,PH012818000,PIDDIG,123.657,,,,,,,,,,,,,,21497,173.8437775,3.442340792,110,3.373819802,,313.7076437,,,,,,206.3858143,107.3218295
,19,PHL,PH010000000,PH012819000,PINILI,63.666,,,,,,,,,,,,,,17300,271.730594,4.895953757,90.09349741,35.71286939,,353.7883927,,,,,,250.7264378,103.0619549
,20,PHL,PH010000000,PH012820000,SAN NICOLAS,41.978,,,,,,,,,,,,,,36736,875.1250655,2.006206446,109.5397295,13.444024,,289.718438,,,,,,205.2971304,84.42130764
,21,PHL,PH010000000,PH012821000,SARRAT,56.941,,,,,,,,,,,,,,25212,442.7740995,2.22513089,107.5547105,12.32688133,,290.7368687,,,,,,209.109876,81.62699275
,22,PHL,PH010000000,PH012822000,SOLSONA,90.388,,,,,,,,,,,,,,24121,266.8606452,3.337340906,109.4296313,9.680900564,,343.0332408,,,,,,225.5693783,117.4638625
,23,PHL,PH010000000,PH012823000,VINTAR,531.249,,,,,,,,,,,,,,32220,60.64952593,3.013656114,116.5950571,13.03050215,,320.55,,,,,,229.175,91.375
,24,PHL,PH010000000,PH012901000,ALILEM,114.512,,,,,,,,,,,,,,6695,58.46548833,9.006721434,60,141.3180883,,669.5972252,,,,,,546.1116493,123.4855759
,25,PHL,PH010000000,PH012902000,BANAYOYO,25.118,,,,,,,,,,,,,,7748,308.4640497,5.033557047,76.16975276,109.1603168,,663.1425931,,,,,,539.251852,123.890741
,26,PHL,PH010000000,PH012903000,BANTAY,75.191,,,,,,,,,,,,,,35731,475.2031493,2.283731214,80,75.12744754,,484.4296789,,,,,,361.1881986,123.2414803
,27,PHL,PH010000000,PH012904000,BURGOS,50.975,,,,,,,,,,,,,,12224,239.8038254,4.131217277,80,101.3325884,,677.8171199,,,,,,545.5427083,132.2744116
,28,PHL,PH010000000,PH012905000,CABUGAO,112.323,,,,,,,,,,,,,,37501,333.8675071,4.527879257,86.60798897,53.9791941,,480.0637555,,,,,,320.6626534,159.4011021
,29,PHL,PH010000000,PH012906000,CITY OF CANDON,77.653,,,,,,,,,,,,,,60623,780.6910229,2.657407255,70,115.6991822,,663.9455027,,,,,,538.7633045,125.1821982
,30,PHL,PH010000000,PH012907000,CAOAYAN,17.536,,,,,,,,,,,,,,19861,1132.584398,3.297920548,80,84.11697891,,481.9572764,,,,,,374.2306269,107.7266495
,31,PHL,PH010000000,PH012908000,CERVANTES,243.153,,,,,,,,,,,,,,17211,70.78259368,8.111091744,69.21539448,126.073334,,680.775,,,,,,539.35,141.425
,32,PHL,PH010000000,PH012909000,GALIMUYOD,34.152,,,,,,,,,,,,,,10748,314.7107051,5.089318943,70,114.1349206,,676.982471,,,,,,548.1844832,128.7979878
,33,PHL,PH010000000,PH012910000,GREGORIO DEL PILAR (CONCEPCION),54.122,,,,,,,,,,,,,,4875,90.07427663,8.697435897,70,113.6381898,,696.6199875,,,,,,560.7903835,135.8296041
,34,PHL,PH010000000,PH012911000,LIDLIDDA,34.18,,,,,,,,,,,,,,4647,135.9566998,7.187432752,79.62588947,106.205948,,655.3,,,,,,536.4,118.9
,35,PHL,PH010000000,PH012912000,MAGSINGAL,82.503,,,,,,,,,,,,,,30792,373.2227919,4.994803845,80.71017603,66.52480708,,503.0844379,,,,,,357.6310316,145.4534062
,36,PHL,PH010000000,PH012913000,NAGBUKEL,42.457,,,,,,,,,,,,,,5259,123.8665002,8.062369272,80,86.93574121,,489.9,,,,,,365.5,124.4
,37,PHL,PH010000000,PH012914000,NARVACAN,103.464,,,,,,,,,,,,,,44006,425.3266837,3.333636322,80,88.36148498,,515.5796977,,,,,,388.0742568,127.5054409
,38,PHL,PH010000000,PH012915000,QUIRINO (ANGKAKI),182.539,,,,,,,,,,,,,,8573,46.96530604,8.35180217,70.43731439,112.4327303,,693.6,,,,,,559.3,134.3
,39,PHL,PH010000000,PH012916000,SALCEDO (BAUGEN),83.039,,,,,,,,,,,,,,11288,135.9361264,6.732813607,70,119.6184522,,659.4,,,,,,535.75,123.65
,40,PHL,PH010000000,PH012917000,SAN EMILIO,151.569,,,,,,,,,,,,,,7407,48.86883202,7.519913595,77.57067256,104.898154,,689.5129622,,,,,,552.61567,136.8972921
,41,PHL,PH010000000,PH012918000,SAN ESTEBAN,17.431,,,,,,,,,,,,,,8349,478.9742413,2.922505689,80,102.8416536,,485.1,,,,,,368.1,117
,42,PHL,PH010000000,PH012919000,SAN ILDEFONSO,11.755,,,,,,,,,,,,,,7787,662.4415142,2.208809554,80,74.93788566,,501.3018046,,,,,,371.4613833,129.8404213
,43,PHL,PH010000000,PH012920000,SAN JUAN (LAPOG),68.541,,,,,,,,,,,,,,26411,385.3314075,3.676498429,81.67260372,60.29335508,,513.9545566,,,,,,338.1507404,175.8038163
,44,PHL,PH010000000,PH012921000,SAN VICENTE,13.228,,,,,,,,,,,,,,12758,964.4693075,2.617965198,80,77.29192003,,499.7929193,,,,,,398.4417965,101.3511228
,45,PHL,PH010000000,PH012922000,SANTA,59.296,,,,,,,,,,,,,,15340,258.7021047,2.509778357,80,83.60726977,,477.0510943,,,,,,363.3180805,113.7330138
,46,PHL,PH010000000,PH012923000,SANTA CATALINA,8.958,,,,,,,,,,,,,,13945,1556.709087,2.237361061,80,80.38391372,,472.8055691,,,,,,381.8341964,90.97137273
,47,PHL,PH010000000,PH012924000,SANTA CRUZ,92.045,,,,,,,,,,,,,,39868,433.1359661,3.880305007,69.89249078,128.8608116,,660.0434552,,,,,,534.6401598,125.4032954
,48,PHL,PH010000000,PH012925000,SANTA LUCIA,44.264,,,,,,,,,,,,,,25402,573.8749322,5.062593497,70,122.3065383,,667.2535245,,,,,,539.4344851,127.8190394
,49,PHL,PH010000000,PH012926000,SANTA MARIA,56.541,,,,,,,,,,,,,,30321,536.2657187,2.720886514,80,96.65643619,,631.1933047,,,,,,503.5045986,127.688706
,50,PHL,PH010000000,PH012927000,SANTIAGO,47.803,,,,,,,,,,,,,,18759,392.4230697,4.296604297,78.5981702,108.2273767,,601.7934299,,,,,,494.1013253,107.6921046
,51,PHL,PH010000000,PH012928000,SANTO DOMINGO,48.619,,,,,,,,,,,,,,27975,575.3923363,3.020554066,80.10739979,71.74999086,,499.9510588,,,,,,366.1751314,133.7759274
,52,PHL,PH010000000,PH012929000,SIGAY,92.309,,,,,,,,,,,,,,2737,29.65041329,10.85129704,70,123.6778931,,691.4569749,,,,,,540.2735236,151.1834513
,53,PHL,PH010000000,PH012930000,SINAIT,68.93,,,,,,,,,,,,,,25640,371.9715654,3.498439938,90,47.05778215,,416.9840788,,,,,,286.5701142,130.4139646
,54,PHL,PH010000000,PH012931000,SUGPON,106.419,,,,,,,,,,,,,,4585,43.08441162,7.917121047,60,153.7236532,,725.722049,,,,,,625.0875675,100.6344815
,55,PHL,PH010000000,PH012932000,SUYO,163.772,,,,,,,,,,,,,,11446,69.88984686,8.24742268,65.55549828,133.5980831,,675.0558078,,,,,,546.8000557,128.2557521
,56,PHL,PH010000000,PH012933000,TAGUDIN,58.576,,,,,,,,,,,,,,39277,670.5305927,4.572650661,60,141.744772,,637.9553373,,,,,,524.3147134,113.640624
,57,PHL,PH010000000,PH012934000,CITY OF VIGAN (Capital),24.485,,,,,,,,,,,,,,53879,2200.490096,2.154828412,80,81.37265207,,480.7140487,,,,,,372.8649551,107.8490936
,58,PHL,PH010000000,PH013301000,AGOO,48.201,,,,,,,,,,,,,,63692,1321.383374,3.962821076,50,207.7545019,,620.5460123,,,,,,394.0925528,226.4534595
,59,PHL,PH010000000,PH013302000,ARINGAY,97.298,,,,,,,,,,,,,,47458,487.7592551,5.284672763,50,197.8725111,,653.7819659,,,,,,438.4833619,215.298604
,60,PHL,PH010000000,PH013303000,BACNOTAN,76.491,,,,,,,,,,,,,,42078,550.1039338,3.210703931,60,165.2083828,,733.111097,,,,,,649.8005526,83.31054445
,61,PHL,PH010000000,PH013304000,BAGULIN,90.661,,,,,,,,,,,,,,13456,148.421041,8.947681332,50.97240368,174.595962,,697.6008364,,,,,,539.2479891,158.3528473
,62,PHL,PH010000000,PH013305000,BALAOAN,62.094,,,,,,,,,,,,,,39188,631.1076755,4.131366745,60,157.7499922,,727.6603444,,,,,,639.5410498,88.11929462
,63,PHL,PH010000000,PH013306000,BANGAR,35.259,,,,,,,,,,,,,,35947,1019.512749,5.243831196,60,148.9215536,,691.0097121,,,,,,590.3713769,100.6383352
,64,PHL,PH010000000,PH013307000,BAUANG,75.896,,,,,,,,,,,,,,75032,988.6160008,2.861445783,50,189.8195642,,795.794311,,,,,,669.2551172,126.5391938
,65,PHL,PH010000000,PH013308000,BURGOS,36.492,,,,,,,,,,,,,,8067,221.0621506,6.631957357,50,182.6638568,,705.1199712,,,,,,507.5793726,197.5405986
,66,PHL,PH010000000,PH013309000,CABA,46.784,,,,,,,,,,,,,,22039,471.0798564,4.496574255,50,195.9391473,,680.6750272,,,,,,496.9294581,183.7455691
,67,PHL,PH010000000,PH013310000,LUNA,40.552,,,,,,,,,,,,,,35802,882.8664431,3.748393944,60,155.3968774,,741.6931201,,,,,,670.0426467,71.65047347
,68,PHL,PH010000000,PH013311000,NAGUILIAN,102.556,,,,,,,,,,,,,,54221,528.696517,2.862359602,50,185.5732936,,716.068405,,,,,,527.2526195,188.8157855
,69,PHL,PH010000000,PH013312000,PUGO,52.129,,,,,,,,,,,,,,19690,377.7168179,3.631284916,50,204.38348,,588.2030184,,,,,,339.2537705,248.9492479
,70,PHL,PH010000000,PH013313000,ROSARIO,78.436,,,,,,,,,,,,,,55458,707.0477842,4.412348083,50,212.280599,,592.2282324,,,,,,310.8843442,281.3438882
,71,PHL,PH010000000,PH013314000,CITY OF SAN FERNANDO (Capital),99.006,,,,,,,,,,,,,,121812,1230.349676,1.906216136,52.35719826,179.6208365,,771.589579,,,,,,649.208747,122.3808321
,72,PHL,PH010000000,PH013315000,SAN GABRIEL,121.922,,,,,,,,,,,,,,18172,149.0461114,7.429011666,59.29554499,167.1877688,,749.4,,,,,,632.4,117
,73,PHL,PH010000000,PH013316000,SAN JUAN,50.652,,,,,,,,,,,,,,37188,734.1862118,3.557599226,57.48512889,172.8230629,,777.2456056,,,,,,672.3736304,104.8719752
,74,PHL,PH010000000,PH013317000,SANTO TOMAS,41.027,,,,,,,,,,,,,,39092,952.8359373,4.576383915,50,211.9715215,,623.877592,,,,,,342.8207394,281.0568526
,75,PHL,PH010000000,PH013318000,SANTOL,114.282,,,,,,,,,,,,,,12476,109.168548,8.287912793,60,159.4980044,,738.8,,,,,,649.45,89.35
,76,PHL,PH010000000,PH013319000,SUDIPEN,89.948,,,,,,,,,,,,,,17056,189.6206697,4.643527205,60,149.7664264,,693.3854303,,,,,,584.4113726,108.9740576
,77,PHL,PH010000000,PH013320000,TUBAO,54.395,,,,,,,,,,,,,,28729,528.1551613,5.095896133,50,203.6442546,,596.7193134,,,,,,358.7267138,237.9925995
,78,PHL,PH010000000,PH015501000,AGNO,166.129,,,,,,,,,,,,,,28052,168.8567318,7.874661343,40.91757948,254.6831691,,523.395715,,,,,,338.082438,185.3132771
,79,PHL,PH010000000,PH015502000,AGUILAR,158.077,,,,,,,,,,,,,,41463,262.2962227,6.432240793,40,264.0660505,,741.3864904,,,,,,327.5312533,413.8552371
,80,PHL,PH010000000,PH015503000,CITY OF ALAMINOS,162.07,,,,,,,,,,,,,,89708,553.5139137,3.893744148,41.80652873,242.176674,,664.35,,,,,,407.4,256.95
,81,PHL,PH010000000,PH015504000,ALCALA,58.592,,,,,,,,,,,,,,43402,740.7495904,3.481406387,40,250.7725034,,816.6424835,,,,,,319.2788927,497.3635908
,82,PHL,PH010000000,PH015505000,ANDA,77.781,,,,,,,,,,,,,,39504,507.8875304,5.888011341,50,227.8603435,,771.8527548,,,,,,545.1726692,226.6800856
,83,PHL,PH010000000,PH015506000,ASINGAN,78.501,,,,,,,,,,,,,,57355,730.6276353,2.573446081,48.42688064,229.2518984,,753.0654019,,,,,,307.1971436,445.8682583
,84,PHL,PH010000000,PH015507000,BALUNGAO,68.383,,,,,,,,,,,,,,31106,454.8791366,3.957435864,40.33664365,238.4714253,,807.1147719,,,,,,290.5074311,516.6073408
,85,PHL,PH010000000,PH015508000,BANI,182.184,,,,,,,,,,,,,,50306,276.1274316,5.639486344,41.56784178,241.6689975,,475.3,,,,,,314.4,160.9
,86,PHL,PH010000000,PH015509000,BASISTA,25.625,,,,,,,,,,,,,,32959,1286.204878,5.006219849,40,253.357974,,824.914738,,,,,,366.5033757,458.4113623
,87,PHL,PH010000000,PH015510000,BAUTISTA,41.439,,,,,,,,,,,,,,32307,779.6278868,4.596527068,40,255.5664916,,804.8571036,,,,,,298.818791,506.0383126
,88,PHL,PH010000000,PH015511000,BAYAMBANG,136.903,,,,,,,,,,,,,,118205,863.4215466,5.52514699,40,259.2463774,,862.3,,,,,,408.65,453.65
,89,PHL,PH010000000,PH015512000,BINALONAN,56.564,,,,,,,,,,,,,,54555,964.4827099,2.604710842,50,225.4567592,,691.1002585,,,,,,305.7880773,385.3121812
,90,PHL,PH010000000,PH015513000,BINMALEY,63.822,,,,,,,,,,,,,,83052,1301.306759,4.144391466,44.09697168,243.7508839,,761.802152,,,,,,365.121223,396.680929
,91,PHL,PH010000000,PH015514000,BOLINAO,206.48,,,,,,,,,,,,,,82084,397.5397133,4.473466205,49.67280321,229.3136997,,601.3055171,,,,,,443.6706232,157.6348939
,92,PHL,PH010000000,PH015515000,BUGALLON,178.816,,,,,,,,,,,,,,67348,376.6329635,6.003147829,40,257.1438852,,641.4,,,,,,303.15,338.25
,93,PHL,PH010000000,PH015516000,BURGOS,115.487,,,,,,,,,,,,,,21637,187.3544208,6.008226649,40.05075305,260.5305579,,528.7452583,,,,,,306.0201395,222.7251188
,94,PHL,PH010000000,PH015517000,CALASIAO,47.493,,,,,,,,,,,,,,95154,2003.537363,4.554721819,42.45678765,242.0316467,,762.9536011,,,,,,361.9538899,400.9997112
,95,PHL,PH010000000,PH015518000,DAGUPAN CITY,43.245,,,,,,,,,,,,,,171271,3960.48098,2.46801852,49.96402326,236.4937848,,786.5518105,,,,,,389.1118748,397.4399357
,96,PHL,PH010000000,PH015519000,DASOL,177.924,,,,,,,,,,,,,,29110,163.6091814,5.056681553,40,266.4502697,,634.9450417,,,,,,315.8873118,319.0577299
,97,PHL,PH010000000,PH015520000,INFANTA,192.988,,,,,,,,,,,,,,24584,127.3861587,5.568662545,40,269.9796266,,657.1013217,,,,,,302.4843865,354.6169352
,98,PHL,PH010000000,PH015521000,LABRADOR,103.195,,,,,,,,,,,,,,23201,224.8267842,4.456704452,41.79349787,251.9654461,,722.7445038,,,,,,339.1023228,383.642181
,99,PHL,PH010000000,PH015522000,LINGAYEN (Capital),71.52,,,,,,,,,,,,,,103278,1444.043624,4.5750305,43.92161206,246.9674877,,765.538987,,,,,,364.8172309,400.7217561
,100,PHL,PH010000000,PH015523000,MABINI,257.381,,,,,,,,,,,,,,24765,96.21922364,6.262870987,40,256.1334813,,584.25,,,,,,324.45,259.8
,101,PHL,PH010000000,PH015524000,MALASIQUI,138.075,,,,,,,,,,,,,,130275,943.5089625,5.079255421,40,246.5619608,,778.9243998,,,,,,341.8310215,437.0933783
,102,PHL,PH010000000,PH015525000,MANAOAG,52.186,,,,,,,,,,,,,,69497,1331.717319,3.502309452,48.55536275,232.166796,,679.0004848,,,,,,312.6490961,366.3513887
,103,PHL,PH010000000,PH015526000,MANGALDAN,48.381,,,,,,,,,,,,,,106331,2197.784254,3.113861433,50,233.360472,,685.4720381,,,,,,326.0785705,359.3934677
,104,PHL,PH010000000,PH015527000,MANGATAREM,308.595,,,,,,,,,,,,,,73241,237.3369627,6.738029246,40,271.5802798,,778.8,,,,,,345.1,433.7
,105,PHL,PH010000000,PH015528000,MAPANDAN,20.437,,,,,,,,,,,,,,37059,1813.328766,3.21109582,48.85095123,235.2020645,,706.9211286,,,,,,336.1750432,370.7460854
,106,PHL,PH010000000,PH015529000,NATIVIDAD,94.052,,,,,,,,,,,,,,24299,258.3570791,4.02485699,50,216.8694261,,638.8547367,,,,,,254.0423396,384.8123971
,107,PHL,PH010000000,PH015530000,POZORRUBIO,70.456,,,,,,,,,,,,,,69555,987.2118769,3.157213716,50,222.6787523,,698.003148,,,,,,355.46091,342.5422381
,108,PHL,PH010000000,PH015531000,ROSALES,72.419,,,,,,,,,,,,,,63081,871.0559384,3.294177328,40,242.8880274,,811.5696978,,,,,,290.0455122,521.5241856
,109,PHL,PH010000000,PH015532000,SAN CARLOS CITY,148.008,,,,,,,,,,,,,,188571,1274.05951,4.201600458,40,252.064025,,757.8,,,,,,339.8,418
,110,PHL,PH010000000,PH015533000,SAN FABIAN,75.906,,,,,,,,,,,,,,83025,1093.787052,4.395061728,50,223.3731032,,672.524454,,,,,,326.3475706,346.1768834
,111,PHL,PH010000000,PH015534000,SAN JACINTO,42.402,,,,,,,,,,,,,,40848,963.3507853,4.200940071,50,228.4054648,,696.4704417,,,,,,337.5814944,358.8889473
,112,PHL,PH010000000,PH015535000,SAN MANUEL,137.77,,,,,,,,,,,,,,52939,384.2563693,3.995164246,50,217.5605694,,692.2,,,,,,343.5,348.7
,113,PHL,PH010000000,PH015536000,SAN NICOLAS,225.363,,,,,,,,,,,,,,35574,157.8519988,4.629785799,50,211.2451687,,671.6,,,,,,296.65,374.95
,114,PHL,PH010000000,PH015537000,SAN QUINTIN,85.747,,,,,,,,,,,,,,32945,384.2116925,4.261648202,50,223.8609292,,693.473779,,,,,,255.9696179,437.5041611
,115,PHL,PH010000000,PH015538000,SANTA BARBARA,62.649,,,,,,,,,,,,,,82012,1309.071174,3.732380627,41.73036946,239.6103196,,739.2976994,,,,,,351.151447,388.1462524
,116,PHL,PH010000000,PH015539000,SANTA MARIA,46.695,,,,,,,,,,,,,,33038,707.5275725,3.447545251,48.60182867,230.6822754,,794.2516135,,,,,,294.5844688,499.6671447
,117,PHL,PH010000000,PH015540000,SANTO TOMAS,12.402,,,,,,,,,,,,,,15022,1211.256249,3.388363733,40,245.7161626,,800.1,,,,,,314.9,485.2
,118,PHL,PH010000000,PH015541000,SISON,154.971,,,,,,,,,,,,,,47518,306.6251105,3.360831685,50,215.8780873,,665.2277019,,,,,,341.4075265,323.8201754
,119,PHL,PH010000000,PH015542000,SUAL,132.901,,,,,,,,,,,,,,34149,256.9506625,6.070455943,44.57967855,245.4974459,,694.6920129,,,,,,365.7478926,328.9441203
,120,PHL,PH010000000,PH015543000,TAYUG,44.01,,,,,,,,,,,,,,43149,980.4362645,2.658230782,50,223.844988,,743.5882745,,,,,,313.2624992,430.3257753
,121,PHL,PH010000000,PH015544000,UMINGAN,258.603,,,,,,,,,,,,,,73252,283.2604417,4.41080107,45.45732095,232.6963663,,817.2666667,,,,,,287.3,529.9666667
,122,PHL,PH010000000,PH015545000,URBIZTONDO,40.39,,,,,,,,,,,,,,50170,1242.139143,5.581024517,40,259.4161301,,778.1321878,,,,,,342.9115781,435.2206098
,123,PHL,PH010000000,PH015546000,CITY OF URDANETA,95.631,,,,,,,,,,,,,,132940,1390.134998,2.918609899,42.15013742,235.8163383,,757.1680492,,,,,,322.5390809,434.6289683
,124,PHL,PH010000000,PH015547000,VILLASIS,80.927,,,,,,,,,,,,,,62333,770.2373744,3.089856095,40,241.8796169,,783.5342765,,,,,,318.8500956,464.6841809
,125,PHL,PH010000000,PH015548000,LAOAC,41.626,,,,,,,,,,,,,,31497,756.6665065,4.79093247,49.95335837,229.1883405,,671.0831187,,,,,,319.2718638,351.8112549
,126,PHL,PH020000000,PH020901000,BASCO (Capital),33.476,,,,,,,,,,,,,,8579,256.2731509,0,50,280.0173178,,15.32875418,,,,,,10.63776816,4.690986021
,127,PHL,PH020000000,PH020902000,ITBAYAT,89.279,,,,,,,,,,,,,,2867,32.11281488,0,49.79155996,305.0188739,,31.58572714,,,,,,27.20482928,4.380897859
,128,PHL,PH020000000,PH020903000,IVANA,14.698,,,,,,,,,,,,,,1327,90.28439243,0,50,269.3577668,,18.77340035,,,,,,8.729255536,10.04414481
,129,PHL,PH020000000,PH020904000,MAHATAO,11.555,,,,,,,,,,,,,,1555,134.5737776,0,50,273.1362314,,15.98886383,,,,,,8.88395201,7.104911819
,130,PHL,PH020000000,PH020905000,SABTANG,40.968,,,,,,,,,,,,,,1621,39.56746729,0,50,259.1213871,,20.86922985,,,,,,11.71795453,9.151275315
,131,PHL,PH020000000,PH020906000,UYUGAN,11.305,,,,,,,,,,,,,,1297,114.7279965,0,50,269.1545095,,19.3,,,,,,8.7,10.6
,132,PHL,PH020000000,PH021501000,ABULUG,132.652,,,,,,,,,,,,,,32497,244.9793445,3.067975505,105.7830848,46.89270156,,259.05,,,,,,178,81.05
,133,PHL,PH020000000,PH021502000,ALCALA,180.465,,,,,,,,,,,,,,38883,215.4600615,3.093897076,121.5520453,7.943824592,,337.2,,,,,,189.35,147.85
,134,PHL,PH020000000,PH021503000,ALLACAPAN,230.598,,,,,,,,,,,,,,33571,145.5823554,2.716630425,122.947078,32.25611821,,328.15,,,,,,220.5,107.65
,135,PHL,PH020000000,PH021504000,AMULUNG,287.493,,,,,,,,,,,,,,47860,166.4736185,3.4726285,118.2256478,2.075296947,,339.1,,,,,,197.8,141.3
,136,PHL,PH020000000,PH021505000,APARRI,261.22,,,,,,,,,,,,,,65649,251.3168976,3.128760529,100.9390389,65.30902634,,222.9,,,,,,119.9,103
,137,PHL,PH020000000,PH021506000,BAGGAO,926.966,,,,,,,,,,,,,,82782,89.30424633,3.423449542,129.5555182,19.45917549,,273.9777778,,,,,,142.5888889,131.3888889
,138,PHL,PH020000000,PH021507000,BALLESTEROS,129.406,,,,,,,,,,,,,,34299,265.049534,2.778506662,109.3889413,45.95282919,,249.1294901,,,,,,133.0038754,116.1256147
,139,PHL,PH020000000,PH021508000,BUGUEY,128.775,,,,,,,,,,,,,,30175,234.3234323,3.214581607,109.3080497,46.77636057,,306.8678436,,,,,,124.7710376,182.0968059
,140,PHL,PH020000000,PH021509000,CALAYAN,502.573,,,,,,,,,,,,,,16702,33.23298307,6.603999521,70.69906963,136.7945217,,110.48,,,,,,59.62,50.86
,141,PHL,PH020000000,PH021510000,CAMALANIUGAN,89.174,,,,,,,,,,,,,,24923,279.4872945,2.351241825,110,45.29826361,,275.9,,,,,,131.45,144.45
,142,PHL,PH020000000,PH021511000,CLAVERIA,128.969,,,,,,,,,,,,,,29921,232.0014887,1.871595201,104.4292629,51.0953043,,353.15,,,,,,265.35,87.8
,143,PHL,PH020000000,PH021512000,ENRILE,152.416,,,,,,,,,,,,,,35834,235.1065505,2.51158118,103.0257627,29.50802717,,332.15,,,,,,212.85,119.3
,144,PHL,PH020000000,PH021513000,GATTARAN,638.695,,,,,,,,,,,,,,56661,88.71370529,2.82910644,124.9119648,29.627988,,272.6333333,,,,,,133.5,139.1333333
,145,PHL,PH020000000,PH021514000,GONZAGA,527.152,,,,,,,,,,,,,,38892,73.77758218,2.838630052,98.73463886,59.06693513,,301.425,,,,,,100.45,200.975
,146,PHL,PH020000000,PH021515000,IGUIG,78.157,,,,,,,,,,,,,,27862,356.4875827,2.354461273,119.3631322,6.650370146,,315.9714678,,,,,,175.1977198,140.773748
,147,PHL,PH020000000,PH021516000,LAL-LO,641.259,,,,,,,,,,,,,,44506,69.40409413,2.094099672,116.0516669,39.28044678,,301.4166667,,,,,,122.15,179.2666667
,148,PHL,PH020000000,PH021517000,LASAM,206.921,,,,,,,,,,,,,,39135,189.1301511,2.790341127,122.1922015,17.81786788,,338.0530465,,,,,,185.8120397,152.2410067
,149,PHL,PH020000000,PH021518000,PAMPLONA,213.076,,,,,,,,,,,,,,23596,110.7398299,3.530259366,104.862859,47.90108614,,300.2,,,,,,249.55,50.65
,150,PHL,PH020000000,PH021519000,PEÌÔABLANCA,1138.283,,,,,,,,,,,,,,48584,42.68182868,2.747818212,121.2611362,5.582994996,,285.9,,,,,,163.8444444,122.0555556
,151,PHL,PH020000000,PH021520000,PIAT,132.005,,,,,,,,,,,,,,23597,178.7583804,2.618976989,110.1262465,12.47606713,,361.9956972,,,,,,214.073876,147.9218212
,152,PHL,PH020000000,PH021521000,RIZAL,340.02,,,,,,,,,,,,,,17994,52.92041645,4.562631988,114.8177302,3.183653698,,504.8333333,,,,,,298.9,205.9333333
,153,PHL,PH020000000,PH021522000,SANCHEZ-MIRA,138.319,,,,,,,,,,,,,,24541,177.4232029,2.831995436,100.9578516,52.68663715,,315.0463258,,,,,,247.7330752,67.31325065
,154,PHL,PH020000000,PH021523000,SANTA ANA,434.499,,,,,,,,,,,,,,32906,75.73320077,3.160517839,89.87565795,77.45693528,,219.7,,,,,,90.625,129.075
,155,PHL,PH020000000,PH021524000,SANTA PRAXEDES,86.296,,,,,,,,,,,,,,4154,48.13664596,2.383245065,112.4695998,42.96618092,,342.5333921,,,,,,259.4783701,83.05502195
,156,PHL,PH020000000,PH021525000,SANTA TERESITA,127.512,,,,,,,,,,,,,,19038,149.303595,2.715621389,107.5532372,47.45264598,,302.1895591,,,,,,106.2007273,195.9888319
,157,PHL,PH020000000,PH021526000,SANTO NIÌÔO (FAIRE),361.189,,,,,,,,,,,,,,27219,75.35943786,4.335207025,118.5833782,2.51656889,,405.8,,,,,,235.5666667,170.2333333
,158,PHL,PH020000000,PH021527000,SOLANA,272.854,,,,,,,,,,,,,,82502,302.3668335,3.475067271,108.9201139,19.40785634,,342.8335878,,,,,,204.105382,138.7282057
,159,PHL,PH020000000,PH021528000,TUAO,187.881,,,,,,,,,,,,,,61535,327.5211437,3.025920208,105.863176,22.91651294,,414.2,,,,,,266.8,147.4
,160,PHL,PH020000000,PH021529000,TUGUEGARAO CITY (Capital),119.554,,,,,,,,,,,,,,153502,1283.955367,0.613021329,109.9780192,21.09161556,,308.8889918,,,,,,180.9363822,127.9526096
,161,PHL,PH020000000,PH023101000,ALICIA,158.376,,,,,,,,,,,,,,71504,451.4825479,2.397068695,70,106.4711764,,404.5,,,,,,202.4,202.1
,162,PHL,PH020000000,PH023102000,ANGADANAN,194.521,,,,,,,,,,,,,,43061,221.3694151,3.773716356,70,105.4725064,,314.3131226,,,,,,165.5485046,148.764618
,163,PHL,PH020000000,PH023103000,AURORA,74.75,,,,,,,,,,,,,,35017,468.4548495,1.936202416,80,90.12007374,,356.1524192,,,,,,188.3179274,167.8344918
,164,PHL,PH020000000,PH023104000,BENITO SOLIVEN,176.671,,,,,,,,,,,,,,29624,167.678906,4.709019714,78.58568086,86.68048949,,296.5780194,,,,,,155.1943197,141.3836997
,165,PHL,PH020000000,PH023105000,BURGOS,77.252,,,,,,,,,,,,,,23784,307.8755243,3.224857047,80,79.09489991,,330.2175739,,,,,,178.9945364,151.2230375
,166,PHL,PH020000000,PH023106000,CABAGAN,307.601,,,,,,,,,,,,,,50174,163.1139041,3.386215968,97.64527456,39.549669,,274.7,,,,,,148.725,125.975
,167,PHL,PH020000000,PH023107000,CABATUAN,63.907,,,,,,,,,,,,,,39413,616.7243025,1.948595641,80,94.57899697,,356.1134196,,,,,,189.9000665,166.2133531
,168,PHL,PH020000000,PH023108000,CITY OF CAUAYAN,336.546,,,,,,,,,,,,,,129523,384.859722,1.972622623,76.61146038,94.57497227,,318.8,,,,,,174.9,143.9
,169,PHL,PH020000000,PH023109000,CORDON,224.505,,,,,,,,,,,,,,42926,191.2028685,3.170572613,69.06744648,124.8622267,,459.35,,,,,,226.85,232.5
,170,PHL,PH020000000,PH023110000,DINAPIGUE,952.457,,,,,,,,,,,,,,5005,5.254830402,4.875124875,74.00493183,98.1929536,,278.2285714,,,,,,143.8142857,134.4142857
,171,PHL,PH020000000,PH023111000,DIVILACAN,528.197,,,,,,,,,,,,,,5687,10.76681617,6.295058906,104.9509503,38.68855303,,224.825,,,,,,121.85,102.975
,172,PHL,PH020000000,PH023112000,ECHAGUE,443.692,,,,,,,,,,,,,,79094,178.2632998,2.431284295,68.94831107,120.7839228,,361.95,,,,,,185.275,176.675
,173,PHL,PH020000000,PH023113000,GAMU,96.6,,,,,,,,,,,,,,29904,309.5652174,2.287319422,80,74.75231261,,308.3943857,,,,,,168.3441029,140.0502828
,174,PHL,PH020000000,PH023114000,ILAGAN CITY (Capital),961.905,,,,,,,,,,,,,,145568,151.3330318,2.659238294,87.09303587,58.70650048,,277.6125,,,,,,150.4125,127.2
,175,PHL,PH020000000,PH023115000,JONES,464.976,,,,,,,,,,,,,,45666,98.21152059,2.156965795,62.19829367,128.9804321,,347.85,,,,,,179.3,168.55
,176,PHL,PH020000000,PH023116000,LUNA,45.588,,,,,,,,,,,,,,19326,423.9273493,2.40091069,80,88.93055135,,326.741875,,,,,,186.686677,140.055198
,177,PHL,PH020000000,PH023117000,MACONACON,463.945,,,,,,,,,,,,,,4253,9.167034886,6.418998354,112.3192583,25.15043286,,256.9666667,,,,,,136.7,120.2666667
,178,PHL,PH020000000,PH023118000,DELFIN ALBANO (MAGSAYSAY),177.828,,,,,,,,,,,,,,26614,149.6614706,3.31780266,88.74145768,56.81194834,,292.4276356,,,,,,155.7733977,136.6542379
,179,PHL,PH020000000,PH023119000,MALLIG,116.188,,,,,,,,,,,,,,30459,262.152718,3.171476411,80,67.37780182,,337.2812954,,,,,,183.8328969,153.4483985
,180,PHL,PH020000000,PH023120000,NAGUILIAN,163.188,,,,,,,,,,,,,,31902,195.4923156,3.444925083,80,82.08055886,,292.9471917,,,,,,160.2086505,132.7385411
,181,PHL,PH020000000,PH023121000,PALANAN,374.12,,,,,,,,,,,,,,17260,46.13492997,7.468134415,89.35700346,59.03106803,,272.7333333,,,,,,128,144.7333333
,182,PHL,PH020000000,PH023122000,QUEZON,216.445,,,,,,,,,,,,,,25860,119.4760794,3.352668213,88.01584983,57.30995311,,364.0333333,,,,,,212,152.0333333
,183,PHL,PH020000000,PH023123000,QUIRINO,125.491,,,,,,,,,,,,,,24501,195.241093,3.126403004,80.00735295,68.88234564,,306.6933571,,,,,,161.0512723,145.6420847
,184,PHL,PH020000000,PH023124000,RAMON,126.301,,,,,,,,,,,,,,52707,417.3126104,2.225510843,70,114.7997261,,402.7304501,,,,,,201.1900945,201.5403556
,185,PHL,PH020000000,PH023125000,REINA MERCEDES,51.6,,,,,,,,,,,,,,26998,523.2170543,2.307578339,80,83.44190443,,320.1618956,,,,,,177.7915066,142.3703889
,186,PHL,PH020000000,PH023126000,ROXAS,118.92,,,,,,,,,,,,,,61773,519.4500505,2.259887006,80,76.80481498,,333.1420283,,,,,,183.7753813,149.366647
,187,PHL,PH020000000,PH023127000,SAN AGUSTIN,188.268,,,,,,,,,,,,,,22880,121.5288844,2.167832168,60,139.2845382,,340.75,,,,,,175,165.75
,188,PHL,PH020000000,PH023128000,SAN GUILLERMO,386.405,,,,,,,,,,,,,,20200,52.27675625,5.643564356,70,110.4651416,,303.1,,,,,,163.8666667,139.2333333
,189,PHL,PH020000000,PH023129000,SAN ISIDRO,64.388,,,,,,,,,,,,,,24861,386.1123191,2.300792406,70,115.9298275,,378.606633,,,,,,189.5446397,189.0619934
,190,PHL,PH020000000,PH023130000,SAN MANUEL,103.997,,,,,,,,,,,,,,31896,306.7011548,3.097567093,80,85.71528589,,348.9056638,,,,,,187.3335204,161.5721435
,191,PHL,PH020000000,PH023131000,SAN MARIANO,1396.387,,,,,,,,,,,,,,55370,39.65233134,8.020588766,79.39435831,79.67606495,,287.1545455,,,,,,146.7090909,140.4454545
,192,PHL,PH020000000,PH023132000,SAN MATEO,110.372,,,,,,,,,,,,,,64505,584.432646,1.970389892,72.90336747,103.446391,,401.9079838,,,,,,201.1840946,200.7238892
,193,PHL,PH020000000,PH023133000,SAN PABLO,450.182,,,,,,,,,,,,,,25384,56.38608385,5.255278916,106.9056299,28.30390581,,258.525,,,,,,147.85,110.675
,194,PHL,PH020000000,PH023134000,SANTA MARIA,118.921,,,,,,,,,,,,,,25382,213.4358103,4.885351824,98.56415583,37.14456435,,287.5875931,,,,,,176.9058628,110.6817304
,195,PHL,PH020000000,PH023135000,CITY OF SANTIAGO,151.784,,,,,,,,,,,,,,134830,888.3017973,1.326114366,68.41558674,124.9920228,,417.3403765,,,,,,195.0482516,222.2921249
,196,PHL,PH020000000,PH023136000,SANTO TOMAS,77.269,,,,,,,,,,,,,,23005,297.7261256,3.729623995,90.89853348,46.81860781,,291.2196654,,,,,,151.3703777,139.8492877
,197,PHL,PH020000000,PH023137000,TUMAUINI,400.366,,,,,,,,,,,,,,67650,168.9703921,3.85218034,92.07124341,47.67870302,,278.6333333,,,,,,149.7,128.9333333
,198,PHL,PH020000000,PH025001000,AMBAGUIO,177.52,,,,,,,,,,,,,,15250,85.90581343,4.550819672,60,157.3711033,,560.15,,,,,,249,311.15
,199,PHL,PH020000000,PH025002000,ARITAO,292.077,,,,,,,,,,,,,,37225,127.4492685,2.256548019,50,190.1023009,,552.1,,,,,,249,303.1
,200,PHL,PH020000000,PH025003000,BAGABAG,146.84,,,,,,,,,,,,,,35501,241.7665486,2.067547393,60,144.1038563,,498.2,,,,,,226.85,271.35
,201,PHL,PH020000000,PH025004000,BAMBANG,229.855,,,,,,,,,,,,,,53433,232.4639447,1.963206258,55.28735582,171.9904574,,566.8,,,,,,246.25,320.55
,202,PHL,PH020000000,PH025005000,BAYOMBONG (Capital),142.551,,,,,,,,,,,,,,61512,431.5087232,2.103654571,60,161.0669548,,493.6427066,,,,,,219.1427021,274.5000045
,203,PHL,PH020000000,PH025006000,DIADI,210.658,,,,,,,,,,,,,,18122,86.02569093,6.290696391,62.64809607,136.1378869,,466.2333333,,,,,,219.7,246.5333333
,204,PHL,PH020000000,PH025007000,DUPAX DEL NORTE,298.1,,,,,,,,,,,,,,27514,92.29788662,2.41695137,50,185.8547403,,479.4333333,,,,,,188.1666667,291.2666667
,205,PHL,PH020000000,PH025008000,DUPAX DEL SUR,412.339,,,,,,,,,,,,,,19111,46.34778665,3.306995971,50,196.7140088,,491.6,,,,,,204.7666667,286.8333333
,206,PHL,PH020000000,PH025009000,KASIBU,616.409,,,,,,,,,,,,,,37705,61.16880188,6.821376475,55.51024937,169.2668189,,483,,,,,,196.675,286.325
,207,PHL,PH020000000,PH025010000,KAYAPA,517.73,,,,,,,,,,,,,,23714,45.80379735,8.539259509,53.80230252,177.0512669,,574.475,,,,,,256.7,317.775
,208,PHL,PH020000000,PH025011000,QUEZON,212.253,,,,,,,,,,,,,,21056,99.20236699,3.11075228,60,155.2446366,,478.05,,,,,,207.9,270.15
,209,PHL,PH020000000,PH025012000,SANTA FE,247.239,,,,,,,,,,,,,,16180,65.44274973,5.512978986,50,200.2786294,,562.9,,,,,,243,319.9
,210,PHL,PH020000000,PH025013000,SOLANO,88.519,,,,,,,,,,,,,,59517,672.3641252,1.367676462,60,152.6742592,,487.5888212,,,,,,218.4436578,269.1451634
,211,PHL,PH020000000,PH025014000,VILLAVERDE,67.827,,,,,,,,,,,,,,18507,272.8559423,2.361268709,60,147.2328244,,498.1080067,,,,,,226.8378244,271.2701823
,212,PHL,PH020000000,PH025015000,ALFONSO CASTANEDA,466.633,,,,,,,,,,,,,,7940,17.01551326,5.251889169,50,213.3276395,,628.325,,,,,,202.325,426
,213,PHL,PH020000000,PH025701000,AGLIPAY,280.24,,,,,,,,,,,,,,27787,99.15429632,4.818800158,58.81941857,151.4593942,,436.3,,,,,,181.9,254.4
,214,PHL,PH020000000,PH025702000,CABARROGUIS (Capital),189.051,,,,,,,,,,,,,,30582,161.7658727,4.273755804,60,151.7078641,,425.95,,,,,,199.35,226.6
,215,PHL,PH020000000,PH025703000,DIFFUN,287.823,,,,,,,,,,,,,,52569,182.6434997,4.365690806,60,141.9171261,,419.7105963,,,,,,193.9952948,225.7153015
,216,PHL,PH020000000,PH025704000,MADDELA,770.335,,,,,,,,,,,,,,38499,49.97695808,2.485778851,59.85024606,150.4834352,,355.62,,,,,,170.22,185.4
,217,PHL,PH020000000,PH025705000,SAGUDAY,50.158,,,,,,,,,,,,,,16070,320.3875753,3.764779091,60,137.8158427,,421.7671053,,,,,,194.8484834,226.9186219
,218,PHL,PH020000000,PH025706000,NAGTIPUNAN,1189.746,,,,,,,,,,,,,,23484,19.73866691,7.809572475,50.08683051,182.9616529,,466.1333333,,,,,,161.7444444,304.3888889
,219,PHL,PH030000000,PH030801000,ABUCAY,76.967,,,,,,,,,,,,,,39880,518.1441397,2.091273821,40,367.6410014,,730.6118359,,,,,,217.0819753,513.5298606
,221,PHL,PH030000000,PH030803000,CITY OF BALANGA (Capital),89.676,,,,,,,,,,,,,,96061,1071.200767,1.276272369,40,373.2961172,,607.8215492,,,,,,132.7626375,475.0589117
,224,PHL,PH030000000,PH030806000,LIMAY,60.754,,,,,,,,,,,,,,68071,1120.436514,2.055207063,40,384.0479666,,604.2960718,,,,,,84.42551196,519.8705598
,225,PHL,PH030000000,PH030807000,MARIVELES,194.51,,,,,,,,,,,,,,127536,655.6783713,1.25611592,40,392.6400964,,551.9,,,,,,56.9,495
,226,PHL,PH030000000,PH030808000,MORONG,173.816,,,,,,,,,,,,,,29901,172.0267409,4.324270091,40,375.0994295,,741.8,,,,,,177.15,564.65
,228,PHL,PH030000000,PH030810000,ORION,89.725,,,,,,,,,,,,,,56002,624.1515743,2.771329595,40,379.6678725,,604.1537553,,,,,,101.0232144,503.1305409
,229,PHL,PH030000000,PH030811000,PILAR,45.597,,,,,,,,,,,,,,41823,917.2313968,2.116060541,40,376.0024876,,609.5353733,,,,,,126.2085422,483.3268312
,230,PHL,PH030000000,PH030812000,SAMAL,47.561,,,,,,,,,,,,,,35298,742.1626963,2.252252252,40,363.5632266,,763.05,,,,,,200.05,563
,231,PHL,PH030000000,PH031401000,ANGAT,49.425,,,,,,,,,,,,,,59237,1198.523015,2.267164104,40,326.855852,,678.3123957,,,,,,164.8552528,513.457143
,232,PHL,PH030000000,PH031402000,BALAGTAS (BIGAA),21.49,,,,,,,,,,,,,,73929,3440.158213,2.23187112,40,341.1284198,,628.3247373,,,,,,135.9410205,492.3837168
,233,PHL,PH030000000,PH031403000,BALIUAG,45.782,,,,,,,,,,,,,,149954,3275.392075,1.222374862,40,328.2429471,,805.4992083,,,,,,257.5628956,547.9363127
,234,PHL,PH030000000,PH031404000,BOCAUE,26.364,,,,,,,,,,,,,,119675,4539.33394,1.968665135,40,343.3525484,,667.9936233,,,,,,128.8658899,539.1277334
,235,PHL,PH030000000,PH031405000,BULACAN,72.373,,,,,,,,,,,,,,76565,1057.922153,2.23992686,40,348.8007871,,650.8376155,,,,,,112.9021762,537.9354394
,236,PHL,PH030000000,PH031406000,BUSTOS,39.882,,,,,,,,,,,,,,67039,1680.933755,2.083861633,40,329.745938,,720.216504,,,,,,208.209565,512.006939
,237,PHL,PH030000000,PH031407000,CALUMPIT,46.83,,,,,,,,,,,,,,108757,2322.378817,2.083544048,40,338.7237426,,813.5622043,,,,,,251.3411407,562.2210636
,238,PHL,PH030000000,PH031408000,GUIGUINTO,22.328,,,,,,,,,,,,,,99730,4466.589036,1.387746917,40,340.5388684,,689.306345,,,,,,157.8942736,531.4120714
,239,PHL,PH030000000,PH031409000,HAGONOY,83.45,,,,,,,,,,,,,,129807,1555.506291,2.516043049,40,348.7380725,,763.8043208,,,,,,240.3535583,523.4507624
,240,PHL,PH030000000,PH031410000,CITY OF MALOLOS (Capital),70.877,,,,,,,,,,,,,,252074,3556.499287,1.243682411,40,343.7717017,,694.056016,,,,,,159.0211114,535.0349046
,241,PHL,PH030000000,PH031411000,MARILAO,28.354,,,,,,,,,,,,,,221965,7828.348734,1.135314126,40,344.625951,,577.4365458,,,,,,98.91738414,478.5191616
,242,PHL,PH030000000,PH031412000,CITY OF MEYCAUAYAN,31.795,,,,,,,,,,,,,,209083,6575.971065,1.523318491,40,346.8792743,,576.0117206,,,,,,98.78327961,477.228441
,243,PHL,PH030000000,PH031413000,NORZAGARAY,297.427,,,,,,,,,,,,,,111348,374.370854,3.052591874,40,325.9538091,,616.35,,,,,,109,507.35
,245,PHL,PH030000000,PH031415000,PANDI,50.438,,,,,,,,,,,,,,89075,1766.029581,3.054729161,40,334.1431934,,643.434789,,,,,,150.8500374,492.5847516
,246,PHL,PH030000000,PH031416000,PAOMBONG,45.313,,,,,,,,,,,,,,53294,1176.13047,2.536870942,40,347.6456671,,753.6115134,,,,,,229.4245277,524.1869856
,247,PHL,PH030000000,PH031417000,PLARIDEL,35.76,,,,,,,,,,,,,,107805,3014.681208,1.290292658,40,336.405495,,700.421709,,,,,,170.1075569,530.3141521
,248,PHL,PH030000000,PH031418000,PULILAN,42.667,,,,,,,,,,,,,,97323,2280.989992,2.044737626,40,334.0038945,,802.9489711,,,,,,252.1648384,550.7841327
,249,PHL,PH030000000,PH031419000,SAN ILDEFONSO,166.633,,,,,,,,,,,,,,104471,626.9526444,2.645710293,40,313.5196062,,865.05,,,,,,312.25,552.8
,250,PHL,PH030000000,PH031420000,CITY OF SAN JOSE DEL MONTE,107.884,,,,,,,,,,,,,,574089,5321.354418,2.57416533,40,336.0257448,,617.1119083,,,,,,106.7903065,510.3216018
,251,PHL,PH030000000,PH031421000,SAN MIGUEL,232.017,,,,,,,,,,,,,,153882,663.2358836,3.20180398,40,300.8365592,,865.0333333,,,,,,303.4666667,561.5666667
,252,PHL,PH030000000,PH031422000,SAN RAFAEL,101.695,,,,,,,,,,,,,,94655,930.773391,2.250277323,40,321.8498443,,750.936696,,,,,,230.4104636,520.5262324
,253,PHL,PH030000000,PH031423000,SANTA MARIA,79.147,,,,,,,,,,,,,,256454,3240.223887,1.904435103,40,337.0790992,,620.2490262,,,,,,123.0548496,497.1941766
,254,PHL,PH030000000,PH031424000,DOÌÔA REMEDIOS TRINIDAD,975.616,,,,,,,,,,,,,,22663,23.22942633,8.64404536,40,305.3246048,,707.7142857,,,,,,190.6428571,517.0714286
,255,PHL,PH030000000,PH034901000,ALIAGA,95.304,,,,,,,,,,,,,,63543,666.7401158,4.773145744,40,272.2418416,,779.947795,,,,,,242.6610048,537.2867902
,256,PHL,PH030000000,PH034902000,BONGABON,215.581,,,,,,,,,,,,,,64173,297.6746559,4.413070918,40.0110975,243.1663869,,719.15,,,,,,231.2,487.95
,257,PHL,PH030000000,PH034903000,CABANATUAN CITY,189.297,,,,,,,,,,,,,,302231,1596.596882,2.142731884,40,269.0382248,,728.5202088,,,,,,217.3572114,511.1629974
,258,PHL,PH030000000,PH034904000,CABIAO,112.335,,,,,,,,,,,,,,79007,703.3159745,3.194653638,40,301.1507733,,921.1576203,,,,,,294.9498629,626.2077574
,259,PHL,PH030000000,PH034905000,CARRANGLAN,734.707,,,,,,,,,,,,,,41131,55.9828612,6.061121782,50,213.1990246,,608.48,,,,,,234.04,374.44
,260,PHL,PH030000000,PH034906000,CUYAPO,178.479,,,,,,,,,,,,,,65039,364.4070171,5.164593552,40,248.9115318,,843.5452174,,,,,,291.6602334,551.884984
,261,PHL,PH030000000,PH034907000,GABALDON (BITULOK & SABANI),367.519,,,,,,,,,,,,,,35383,96.27529461,5.624169799,40,257.6569295,,729.75,,,,,,213.4,516.35
,262,PHL,PH030000000,PH034908000,CITY OF GAPAN,172.216,,,,,,,,,,,,,,110303,640.4921726,1.872115899,40,289.9668794,,823.1376127,,,,,,252.9840298,570.1535829
,263,PHL,PH030000000,PH034909000,GENERAL MAMERTO NATIVIDAD,108.429,,,,,,,,,,,,,,41656,384.1776646,4.347512963,40,256.5142027,,710.7273049,,,,,,218.7366047,491.9907002
,264,PHL,PH030000000,PH034910000,GENERAL TINIO (PAPAYA),563.221,,,,,,,,,,,,,,47865,84.98440222,3.257077196,40,278.1502624,,800.04,,,,,,222.9,577.14
,265,PHL,PH030000000,PH034911000,GUIMBA,215.488,,,,,,,,,,,,,,118655,550.63391,5.009481269,40,260.440714,,845.9682825,,,,,,287.8359977,558.1322849
,266,PHL,PH030000000,PH034912000,JAEN,98.144,,,,,,,,,,,,,,73184,745.6798174,5.618714473,40,284.7750372,,836.9332755,,,,,,259.5169505,577.416325
,267,PHL,PH030000000,PH034913000,LAUR,156.274,,,,,,,,,,,,,,35656,228.1633541,6.139219206,40,257.0269376,,712.4934958,,,,,,210.5148388,501.978657
,268,PHL,PH030000000,PH034914000,LICAB,64.497,,,,,,,,,,,,,,28254,438.0668868,6.253981737,40,273.0062602,,809.1218014,,,,,,256.007057,553.1147445
,269,PHL,PH030000000,PH034915000,LLANERA,100.141,,,,,,,,,,,,,,39701,396.4510041,4.213999647,40,249.6759904,,744.8272796,,,,,,231.1565515,513.6707281
,270,PHL,PH030000000,PH034916000,LUPAO,116.804,,,,,,,,,,,,,,43788,374.8844218,5.759568832,44.56926621,234.4765316,,712.4809692,,,,,,231.0224526,481.4585167
,271,PHL,PH030000000,PH034917000,SCIENCE CITY OF MUÌÔOZ,129.504,,,,,,,,,,,,,,81483,629.1929207,4.84886418,40,247.3503998,,804.0912274,,,,,,251.7582265,552.3330008
,272,PHL,PH030000000,PH034918000,NAMPICUAN,46.572,,,,,,,,,,,,,,14954,321.0942197,5.363113548,40,257.489109,,855.3958509,,,,,,297.5980522,557.7977987
,273,PHL,PH030000000,PH034919000,PALAYAN CITY (Capital),131.254,,,,,,,,,,,,,,41041,312.6838039,3.394166809,40,264.5565244,,717.1000083,,,,,,207.2248202,509.8751881
,274,PHL,PH030000000,PH034920000,PANTABANGAN,419.799,,,,,,,,,,,,,,29925,71.28411454,4.741854637,47.02854282,228.5568105,,685.425,,,,,,220.375,465.05
,275,PHL,PH030000000,PH034921000,PEÌÔARANDA,63.102,,,,,,,,,,,,,,29882,473.5507591,2.145104076,40,279.8895662,,788.630068,,,,,,238.8484264,549.7816416
,276,PHL,PH030000000,PH034922000,QUEZON,64.141,,,,,,,,,,,,,,40592,632.8557397,6.860957824,40,267.1822937,,795.5750781,,,,,,246.2318009,549.3432773
,277,PHL,PH030000000,PH034923000,RIZAL,134.492,,,,,,,,,,,,,,64087,476.5116141,3.457799554,40,244.4500365,,709.4353738,,,,,,222.9673456,486.4680282
,278,PHL,PH030000000,PH034924000,SAN ANTONIO,181.37,,,,,,,,,,,,,,77836,429.1558692,3.949329359,40,292.9497978,,932.25,,,,,,292.45,639.8
,279,PHL,PH030000000,PH034925000,SAN ISIDRO,47.81,,,,,,,,,,,,,,51612,1079.523112,2.753235682,40,295.0126423,,851.7521536,,,,,,270.3507511,581.4014025
,280,PHL,PH030000000,PH034926000,SAN JOSE CITY,192.012,,,,,,,,,,,,,,139738,727.7565985,3.099371681,41.909416,238.1738766,,795.85,,,,,,247.1,548.75
,281,PHL,PH030000000,PH034927000,SAN LEONARDO,50.796,,,,,,,,,,,,,,65299,1285.514607,2.845372823,40,284.4041722,,872.1097304,,,,,,266.257739,605.8519913
,282,PHL,PH030000000,PH034928000,SANTA ROSA,107.165,,,,,,,,,,,,,,69467,648.2247002,2.409777304,40,276.1591239,,731.0735148,,,,,,212.4277486,518.6457662
,283,PHL,PH030000000,PH034929000,SANTO DOMINGO,86.225,,,,,,,,,,,,,,57943,671.9976805,4.147179124,40,259.5989554,,826.4618296,,,,,,263.6369977,562.8248319
,284,PHL,PH030000000,PH034930000,TALAVERA,131.819,,,,,,,,,,,,,,124829,946.9727429,4.695223065,40,257.5321616,,821.95,,,,,,262.4,559.55
,285,PHL,PH030000000,PH034931000,TALUGTUG,106.952,,,,,,,,,,,,,,23817,222.6886828,6.621320905,40,247.4048593,,837.0595914,,,,,,274.0261432,563.0334482
,286,PHL,PH030000000,PH034932000,ZARAGOZA,77.507,,,,,,,,,,,,,,49387,637.1940599,4.284528317,40,281.1889314,,852,,,,,,287.2,564.8
,287,PHL,PH030000000,PH035401000,ANGELES CITY,121.14,,,,,,,,,,,,,,411634,3398.002311,0.814558564,40,319.1566997,,958.2222254,,,,,,347.2564907,610.9657347
,288,PHL,PH030000000,PH035402000,APALIT,57.626,,,,,,,,,,,,,,107965,1873.546663,2.810169962,40,332.0423296,,811.9720669,,,,,,240.2653399,571.7067269
,289,PHL,PH030000000,PH035403000,ARAYAT,187.243,,,,,,,,,,,,,,133492,712.9345289,2.684805082,40,309.8531548,,943.9333333,,,,,,340.2,603.7333333
,290,PHL,PH030000000,PH035404000,BACOLOR,83.635,,,,,,,,,,,,,,39460,471.8120404,2.017232641,40,329.6539138,,925.163278,,,,,,340.4726447,584.6906333
,291,PHL,PH030000000,PH035405000,CANDABA,208.114,,,,,,,,,,,,,,111586,536.1772874,4.667252164,40,313.7403741,,878.2468217,,,,,,314.5429267,563.703895
,292,PHL,PH030000000,PH035406000,FLORIDABLANCA,135.004,,,,,,,,,,,,,,125163,927.1058635,1.784872526,40,340.9719303,,883.6627492,,,,,,295.3467596,588.3159896
,293,PHL,PH030000000,PH035407000,GUAGUA,44.879,,,,,,,,,,,,,,117430,2616.591279,1.939027506,40,336.0675073,,912.3392719,,,,,,327.5012883,584.8379835
,294,PHL,PH030000000,PH035408000,LUBAO,165.167,,,,,,,,,,,,,,160838,973.7901639,2.292368719,40,346.4955959,,851.45,,,,,,290.45,561
,295,PHL,PH030000000,PH035409000,MABALACAT CITY,97.637,,,,,,,,,,,,,,250799,2568.6881,0.904309826,40,313.5607203,,927.0519954,,,,,,319.2084757,607.8435197
,296,PHL,PH030000000,PH035410000,MACABEBE,90.31,,,,,,,,,,,,,,75850,839.8848411,3.455504285,40,345.4914993,,810.4467756,,,,,,272.0098054,538.4369702
,297,PHL,PH030000000,PH035411000,MAGALANG,96.988,,,,,,,,,,,,,,113147,1166.60824,1.706629429,40,307.4271348,,957.2804351,,,,,,321.6424076,635.6380275
,298,PHL,PH030000000,PH035412000,MASANTOL,67.652,,,,,,,,,,,,,,57063,843.4783894,3.751993411,40,347.2903786,,787.6371814,,,,,,275.3049367,512.3322447
,299,PHL,PH030000000,PH035413000,MEXICO,124.459,,,,,,,,,,,,,,154624,1242.368973,1.90332678,40,320.3671889,,951.05,,,,,,359.45,591.6
,300,PHL,PH030000000,PH035414000,MINALIN,52.057,,,,,,,,,,,,,,47713,916.5530092,2.548571668,40,335.3433884,,876.935765,,,,,,292.421253,584.5145121
,301,PHL,PH030000000,PH035415000,PORAC,297.435,,,,,,,,,,,,,,124381,418.1787617,2.808306735,40,328.8812867,,900.1,,,,,,277.4,622.7
,302,PHL,PH030000000,PH035416000,CITY OF SAN FERNANDO (Capital),70.162,,,,,,,,,,,,,,306659,4370.727744,0.941762675,40,325.3630696,,914.027579,,,,,,335.1256825,578.9018965
,303,PHL,PH030000000,PH035417000,SAN LUIS,48.09,,,,,,,,,,,,,,54106,1125.098773,3.77592134,40,323.2823415,,862.0057456,,,,,,289.6406592,572.3650863
,304,PHL,PH030000000,PH035418000,SAN SIMON,55.183,,,,,,,,,,,,,,53198,964.028777,2.47189744,40,327.4315541,,831.4581665,,,,,,258.1318683,573.3262981
,305,PHL,PH030000000,PH035419000,SANTA ANA,37.473,,,,,,,,,,,,,,55178,1472.473514,2.533618471,40,317.7633299,,911.1570687,,,,,,325.4161955,585.7408733
,306,PHL,PH030000000,PH035420000,SANTA RITA,21.662,,,,,,,,,,,,,,40979,1891.745915,2.142560824,40,332.9387632,,932.9107792,,,,,,332.1290569,600.7817223
,307,PHL,PH030000000,PH035421000,SANTO TOMAS,13.87,,,,,,,,,,,,,,40475,2918.168709,2.312538604,40,330.2986917,,833.8078632,,,,,,250.4292204,583.3786427
,308,PHL,PH030000000,PH035422000,SASMUAN (Sexmoan),40.119,,,,,,,,,,,,,,28004,698.0233804,3.942293958,40,345.7993514,,847.6630316,,,,,,306.3994447,541.2635869
,309,PHL,PH030000000,PH036901000,ANAO,25.459,,,,,,,,,,,,,,11528,452.8064732,3.278972935,40,257.4795193,,852.3798767,,,,,,292.4415346,559.9383421
,310,PHL,PH030000000,PH036902000,BAMBAN,207.694,,,,,,,,,,,,,,69466,334.4632007,1.946275876,40,313.8430481,,929.6418009,,,,,,317.6256804,612.0161205
,311,PHL,PH030000000,PH036903000,CAMILING,131.537,,,,,,,,,,,,,,83248,632.8865642,1.923169325,40,271.3626805,,810.0120743,,,,,,315.6925922,494.3194821
,312,PHL,PH030000000,PH036904000,CAPAS,446.955,,,,,,,,,,,,,,140202,313.6825855,2.82948888,40,305.6971674,,846.55,,,,,,340.85,505.7
,313,PHL,PH030000000,PH036905000,CONCEPCION,213.258,,,,,,,,,,,,,,154188,723.0115635,2.839390873,40,297.049332,,945.623104,,,,,,305.1858891,640.4372149
,314,PHL,PH030000000,PH036906000,GERONA,122.457,,,,,,,,,,,,,,87531,714.7896813,3.340530783,40,273.9413622,,864.7023776,,,,,,305.6627547,559.0396228
,315,PHL,PH030000000,PH036907000,LA PAZ,115.782,,,,,,,,,,,,,,64017,552.9097787,3.455332177,40,283.8559363,,845.3269365,,,,,,277.5416638,567.7852727
,316,PHL,PH030000000,PH036908000,MAYANTOC,240.392,,,,,,,,,,,,,,32232,134.081001,4.895755771,40,288.2872158,,795.25,,,,,,364.15,431.1
,317,PHL,PH030000000,PH036909000,MONCADA,101.834,,,,,,,,,,,,,,57787,567.4627335,3.409071244,40,260.2967434,,806.7617208,,,,,,288.3209659,518.4407548
,318,PHL,PH030000000,PH036910000,PANIQUI,106.742,,,,,,,,,,,,,,92606,867.5685297,2.423169125,40,267.7140906,,831.876329,,,,,,302.8539919,529.0223371
,319,PHL,PH030000000,PH036911000,PURA,32.144,,,,,,,,,,,,,,23712,737.680438,2.618927126,40,267.9621251,,849.8861611,,,,,,304.4664322,545.4197289
,320,PHL,PH030000000,PH036912000,RAMOS,25.757,,,,,,,,,,,,,,21350,828.9008813,4.50117096,40,263.2839092,,840.501636,,,,,,302.7710758,537.7305603
,321,PHL,PH030000000,PH036913000,SAN CLEMENTE,71.362,,,,,,,,,,,,,,12657,177.3633026,4.163703879,40,276.6147108,,838.2620185,,,,,,365.7621258,472.4998927
,322,PHL,PH030000000,PH036914000,SAN MANUEL,32.706,,,,,,,,,,,,,,25504,779.7957561,3.795483061,40,249.9801421,,825.9874479,,,,,,303.010839,522.9766088
,323,PHL,PH030000000,PH036915000,SANTA IGNACIA,131.597,,,,,,,,,,,,,,47538,361.239238,2.696789936,40,280.1590613,,839.6,,,,,,359.7,479.9
,324,PHL,PH030000000,PH036916000,CITY OF TARLAC (Capital),262.695,,,,,,,,,,,,,,342493,1303.766726,2.229534618,40,284.5211428,,892.3666667,,,,,,322.4666667,569.9
,325,PHL,PH030000000,PH036917000,VICTORIA,109.743,,,,,,,,,,,,,,63715,580.5837274,3.063642784,40,271.7513271,,852.2135974,,,,,,284.3255332,567.8880642
,326,PHL,PH030000000,PH036918000,SAN JOSE,596.562,,,,,,,,,,,,,,36253,60.76987807,7.833834441,40,299.6923524,,810.275,,,,,,351.075,459.2
,327,PHL,PH030000000,PH037101000,BOTOLAN,669.103,,,,,,,,,,,,,,57707,86.24531649,3.396468366,40,325.88868,,674.6428571,,,,,,227.3,447.3428571
,328,PHL,PH030000000,PH037102000,CABANGAN,206.185,,,,,,,,,,,,,,25163,122.0408856,4.693399038,40,337.0378772,,616.85,,,,,,170.2,446.65
,329,PHL,PH030000000,PH037103000,CANDELARIA,422.98,,,,,,,,,,,,,,27174,64.2441723,3.462868919,40,290.5337814,,558.8,,,,,,225.2,333.6
,331,PHL,PH030000000,PH037105000,IBA (Capital),140.588,,,,,,,,,,,,,,50506,359.2483,2.405654774,40,319.3899435,,636.7255338,,,,,,230.0179805,406.7075533
,332,PHL,PH030000000,PH037106000,MASINLOC,248.818,,,,,,,,,,,,,,47719,191.7827488,2.820679394,40,301.3568651,,548.3666667,,,,,,213.8666667,334.5
,334,PHL,PH030000000,PH037108000,PALAUIG,309.209,,,,,,,,,,,,,,34947,113.020643,4.672790225,40,310.7795438,,559.0666667,,,,,,191.2333333,367.8333333
,335,PHL,PH030000000,PH037109000,SAN ANTONIO,167.53,,,,,,,,,,,,,,34661,206.8942876,1.99071002,40,366.0481693,,559.5082242,,,,,,119.3753427,440.1328814
,336,PHL,PH030000000,PH037110000,SAN FELIPE,114.547,,,,,,,,,,,,,,23183,202.3885392,3.079842988,40,345.7498626,,641.0747468,,,,,,172.0606176,469.0141292
,337,PHL,PH030000000,PH037111000,SAN MARCELINO,420.498,,,,,,,,,,,,,,33665,80.05983382,3.638794,40,343.6645088,,772.8666667,,,,,,202.8,570.0666667
,338,PHL,PH030000000,PH037112000,SAN NARCISO,72.984,,,,,,,,,,,,,,28360,388.5783185,2.570521862,40,352.221921,,624.8458317,,,,,,162.2301244,462.6157073
,339,PHL,PH030000000,PH037113000,SANTA CRUZ,460.323,,,,,,,,,,,,,,58151,126.3265142,3.874395969,40,279.764793,,572.1,,,,,,247.9,324.2
,341,PHL,PH030000000,PH037701000,BALER (Capital),99.573,,,,,,,,,,,,,,39562,397.3165416,2.530205753,50,221.5165986,,584.0106377,,,,,,189.8467019,394.1639359
,342,PHL,PH030000000,PH037702000,CASIGURAN,419.885,,,,,,,,,,,,,,24313,57.90394989,5.696540945,59.68314628,152.1952233,,313.95,,,,,,158.075,155.875
,343,PHL,PH030000000,PH037703000,DILASAG,495.203,,,,,,,,,,,,,,15835,31.97678528,6.251973476,61.13531487,134.1889745,,272.225,,,,,,148.525,123.7
,344,PHL,PH030000000,PH037704000,DINALUNGAN,326.197,,,,,,,,,,,,,,11322,34.70908684,5.873520579,52.65347775,164.3251556,,347.0333333,,,,,,170.9333333,176.1
,345,PHL,PH030000000,PH037705000,DINGALAN,354.353,,,,,,,,,,,,,,25482,71.91134264,3.433796405,40.00001507,278.1895851,,800.025,,,,,,196.1,603.925
,346,PHL,PH030000000,PH037706000,DIPACULAO,400.558,,,,,,,,,,,,,,29736,74.23644017,4.210384719,50,193.4907449,,438.7666667,,,,,,162.5333333,276.2333333
,347,PHL,PH030000000,PH037707000,MARIA AURORA,335.512,,,,,,,,,,,,,,40734,121.4084742,4.148868267,48.69398986,224.8090277,,658.6666667,,,,,,192.6666667,466
,348,PHL,PH030000000,PH037708000,SAN LUIS,598.272,,,,,,,,,,,,,,27352,45.71833547,4.368967534,42.88475862,239.6125652,,679.3,,,,,,214.375,464.925
,367,PHL,PH040000000,PH041019000,NASUGBU,266.538,,,,,,,,,,,,,,134113,503.1665278,4.344843527,40,423.0853411,,474.45,,,,,,30.6,443.85
,387,PHL,PH040000000,PH042105000,CAVITE CITY,11.882,,,,,,,,,,,,,,102806,8652.247096,2.481372683,40,388.1591176,,560.4459407,,,,,,84.63261951,475.8133212
,395,PHL,PH040000000,PH042113000,MARAGONDON,141.675,,,,,,,,,,,,,,37720,266.2431622,3.926299046,40,409.9450812,,495.1612098,,,,,,38.19293908,456.9682707
,398,PHL,PH040000000,PH042116000,NOVELETA,5.159,,,,,,,,,,,,,,45846,8886.605931,1.151681717,40,383.0511533,,588.1,,,,,,76.1,512
,403,PHL,PH040000000,PH042121000,TERNATE,46.554,,,,,,,,,,,,,,23157,497.4223482,5.94636611,40,408.5061221,,487.709031,,,,,,37.15116093,450.5578701
,437,PHL,PH040000000,PH045602000,ALABAT,60.38,,,,,,,,,,,,,,15630,258.8605499,4.952015355,40,373.2666421,,1005.290228,,,,,,64.69757378,940.5926543
,438,PHL,PH040000000,PH045603000,ATIMONAN,221.201,,,,,,,,,,,,,,63432,286.7618139,3.236536764,40,392.5948193,,915.2,,,,,,66.76666667,848.4333333
,440,PHL,PH040000000,PH045606000,BURDEOS,264.893,,,,,,,,,,,,,,26760,101.0219221,9.502989537,40,292.5560763,,762.5666667,,,,,,130.7666667,631.8
,441,PHL,PH040000000,PH045607000,CALAUAG,312.322,,,,,,,,,,,,,,73139,234.1781879,6.65581974,40,369.612504,,811.4,,,,,,62.16666667,749.2333333
,446,PHL,PH040000000,PH045617000,GENERAL NAKAR,1321.833,,,,,,,,,,,,,,29705,22.47258163,7.301801044,40,315.2496654,,671.6916667,,,,,,144.9,526.7916667
,448,PHL,PH040000000,PH045619000,GUMACA,185.168,,,,,,,,,,,,,,73877,398.9728247,3.32985909,40,394.1738027,,637.2498563,,,,,,43.54376789,593.7060884
,449,PHL,PH040000000,PH045620000,INFANTA,172.224,,,,,,,,,,,,,,69079,401.0997306,3.490206865,40,332.1363584,,569,,,,,,106.55,462.45
,450,PHL,PH040000000,PH045621000,JOMALIG,51.827,,,,,,,,,,,,,,7417,143.1107338,9.613051099,40,299.5035033,,1049.659017,,,,,,161.9056983,887.7533185
,451,PHL,PH040000000,PH045622000,LOPEZ,376.217,,,,,,,,,,,,,,95167,252.9577345,5.619595028,40,391.2399582,,647.85,,,,,,52.175,595.675
,455,PHL,PH040000000,PH045627000,MAUBAN,409.47,,,,,,,,,,,,,,63819,155.857572,4.732133064,40,373.8528971,,686.2333333,,,,,,96.63333333,589.6
,459,PHL,PH040000000,PH045631000,PANUKULAN,179.58,,,,,,,,,,,,,,13546,75.43156253,9.360696885,40,290.4298184,,778.9806623,,,,,,131.6763506,647.3043117
,460,PHL,PH040000000,PH045632000,PATNANUNGAN,95.878,,,,,,,,,,,,,,14606,152.3394314,11.01602081,40,297.4117544,,893.6701242,,,,,,145.55167,748.1184542
,461,PHL,PH040000000,PH045633000,PEREZ,52.403,,,,,,,,,,,,,,12173,232.2958609,9.447137107,40,369.9822925,,1032.233333,,,,,,83.48750539,948.7458274
,463,PHL,PH040000000,PH045635000,PLARIDEL,18.434,,,,,,,,,,,,,,10935,593.1973527,4.535893919,40,392.0554902,,727.0521662,,,,,,39.59607824,687.456088
,464,PHL,PH040000000,PH045636000,POLILLO,234.921,,,,,,,,,,,,,,30582,130.1799328,5.944673337,40,312.0603256,,738.1,,,,,,110.25,627.85
,465,PHL,PH040000000,PH045637000,QUEZON,75.663,,,,,,,,,,,,,,15228,201.2608541,7.505910165,40,375.8655928,,843.2553003,,,,,,58.12180744,785.1334928
,466,PHL,PH040000000,PH045638000,REAL,350.689,,,,,,,,,,,,,,35979,102.5951769,4.769448845,40,349.2054067,,457.25,,,,,,86.2,371.05
,478,PHL,PH040000000,PH045802000,CITY OF ANTIPOLO,263.377,,,,,,,,,,,,,,776386,2947.812451,0.516238057,40,347.0713448,,552.64484,,,,,,95.9050535,456.7397865
,484,PHL,PH040000000,PH045808000,RODRIGUEZ (MONTALBAN),235.065,,,,,,,,,,,,,,369222,1570.722992,1.496931385,40,335.5733603,,607.65,,,,,,107.65,500
,488,PHL,PH040000000,PH045812000,TANAY,283.79,,,,,,,,,,,,,,117830,415.2013813,3.598404481,40,347.9540523,,531.95,,,,,,82.75,449.2
,510,PHL,PH050000000,PH051602000,CAPALONGA,253.978,,,,,,,,,,,,,,32215,126.8416949,8.24460655,40,339.0198951,,917.9,,,,,,103.3,814.6
,511,PHL,PH050000000,PH051603000,DAET (Capital),50.188,,,,,,,,,,,,,,104799,2088.128636,3.115487743,40,337.0234117,,985.684107,,,,,,141.0069947,844.6771123
,513,PHL,PH050000000,PH051605000,JOSE PANGANIBAN,176.179,,,,,,,,,,,,,,59639,338.5136708,5.099012391,40,333.0436883,,806.1133722,,,,,,107.779523,698.3338492
,514,PHL,PH050000000,PH051606000,LABO,628.224,,,,,,,,,,,,,,101082,160.9012072,4.863378247,40,344.5756517,,775.52,,,,,,103.62,671.9
,515,PHL,PH050000000,PH051607000,MERCEDES,117.935,,,,,,,,,,,,,,50841,431.0933989,7.570661474,40,346.4797242,,887.9005789,,,,,,117.4556326,770.4449463
,516,PHL,PH050000000,PH051608000,PARACALE,157.295,,,,,,,,,,,,,,59149,376.0386535,5.393159648,40,328.9818935,,748.05,,,,,,99.8,648.25
,518,PHL,PH050000000,PH051610000,SANTA ELENA,202.836,,,,,,,,,,,,,,40786,201.078704,8.169469916,40,355.4577508,,870.2,,,,,,76.9,793.3
,519,PHL,PH050000000,PH051611000,TALISAY,31.827,,,,,,,,,,,,,,25841,811.9206963,4.427073256,40,334.3901526,,997.4376569,,,,,,146.345947,851.0917099
,520,PHL,PH050000000,PH051612000,VINZONS,94.051,,,,,,,,,,,,,,43485,462.3555305,7.400252961,40,323.9178704,,854.1495908,,,,,,138.4282518,715.7213391
,531,PHL,PH050000000,PH051711000,CARAMOAN,273.513,,,,,,,,,,,,,,47605,174.050228,8.763785317,40,326.2200396,,612.625,,,,,,64.15,548.475
,534,PHL,PH050000000,PH051714000,GARCHITORENA,244.834,,,,,,,,,,,,,,27010,110.3196451,9.059607553,40,329.8671071,,737.5,,,,,,58,679.5
,555,PHL,PH050000000,PH051735000,SIRUMA,129.03,,,,,,,,,,,,,,17764,137.6734093,9.440441342,40,332.0076314,,924.3719746,,,,,,105.5559588,818.8160159
,557,PHL,PH050000000,PH051737000,TINAMBAC,328.845,,,,,,,,,,,,,,67572,205.4828263,7.399514592,40,344.0178635,,873.6333333,,,,,,68.66666667,804.9666667
,558,PHL,PH050000000,PH052001000,BAGAMANOC,68.264,,,,,,,,,,,,,,11551,169.2107114,6.475629816,40,287.8197533,,435.3558764,,,,,,74.59887995,360.7569964
,559,PHL,PH050000000,PH052002000,BARAS,71.127,,,,,,,,,,,,,,12848,180.6346394,7.020547945,40,308.6089509,,365.2543984,,,,,,56.42107096,308.8333274
,561,PHL,PH050000000,PH052004000,CARAMORAN,281.463,,,,,,,,,,,,,,30056,106.784906,7.8985893,40,300.8452894,,535.7666667,,,,,,54.6,481.1666667
,562,PHL,PH050000000,PH052005000,GIGMOTO,106.034,,,,,,,,,,,,,,8368,78.91808288,6.500956023,40,300.0492813,,353.8661856,,,,,,61.0806591,292.7855265
,563,PHL,PH050000000,PH052006000,PANDAN,106.047,,,,,,,,,,,,,,20516,193.4613898,7.364983428,40,284.708148,,499.4597517,,,,,,77.805979,421.6537727
,564,PHL,PH050000000,PH052007000,PANGANIBAN (PAYO),50.585,,,,,,,,,,,,,,9287,183.5919739,6.891353505,40,291.1049839,,402.7813545,,,,,,70.88640709,331.8949474
,567,PHL,PH050000000,PH052010000,VIGA,168.222,,,,,,,,,,,,,,21624,128.5444234,7.704402516,40,296.6952951,,427.35,,,,,,57.65,369.7
,1232,PHL,PH130000000,PH133913000,PORT AREA,1.773,,,,,,,,,,,,,,66742,37643.54202,6.782835396,40,364.0037026,,#N/A,,,,,,#N/A,#N/A
,1237,PHL,PH130000000,PH137404000,QUEZON CITY,162.485,,,,,,,,,,,,,,2936116,18070.07416,1.316569236,40,350.9682154,,#N/A,,,,,,#N/A,#N/A
,1239,PHL,PH130000000,PH137501000,CALOOCAN CITY,53.249,,,,,,,,,,,,,,1583978,29746.62435,1.993525163,40,346.9427439,,#N/A,,,,,,#N/A,#N/A
,1247,PHL,PH130000000,PH137605000,PASAY CITY,17.892,,,,,,,,,,,,,,416522,23279.78985,1.468349811,40,368.5521679,,#N/A,,,,,,#N/A,#N/A
,1250,PHL,PH140000000,PH140101000,BANGUED (Capital),119.16,,,,,,,,,,,,,,48163,404.1876469,3.263916284,80,67.48521893,,477.7172295,,,,,,344.8266433,132.8905862
,1251,PHL,PH140000000,PH140102000,BOLINEY,178.413,,,,,,,,,,,,,,3573,20.02656757,7.668625805,80,79.89962653,,694.95,,,,,,550.75,144.2
,1252,PHL,PH140000000,PH140103000,BUCAY,99.035,,,,,,,,,,,,,,17115,172.8176907,5.194274029,80,71.3507151,,515.6781648,,,,,,395.0318035,120.6463613
,1253,PHL,PH140000000,PH140104000,BUCLOC,57.372,,,,,,,,,,,,,,2501,43.5926933,4.678128749,80,74.69381309,,605.3278295,,,,,,483.5027634,121.8250661
,1254,PHL,PH140000000,PH140105000,DAGUIOMAN,93.244,,,,,,,,,,,,,,2088,22.39286174,6.561302682,80,68.96252467,,443.6944134,,,,,,328.8412978,114.8531157
,1255,PHL,PH140000000,PH140106000,DANGLAS,176.619,,,,,,,,,,,,,,4192,23.73470578,4.914122137,85.30158625,53.05957195,,471.1308892,,,,,,311.0627981,160.0680911
,1256,PHL,PH140000000,PH140107000,DOLORES,44.657,,,,,,,,,,,,,,11315,253.3757306,4.49845338,80.50559856,58.74179678,,466.7777728,,,,,,337.5204129,129.2573599
,1257,PHL,PH140000000,PH140108000,LA PAZ,52.661,,,,,,,,,,,,,,15437,293.1391352,5.331346764,80.72061133,59.8806642,,456.9359239,,,,,,320.1341515,136.8017725
,1258,PHL,PH140000000,PH140109000,LACUB,248.107,,,,,,,,,,,,,,3403,13.71585647,9.961798413,91.12469033,43.06921578,,451.8098837,,,,,,306.7032009,145.1066827
,1259,PHL,PH140000000,PH140110000,LAGANGILANG,90.873,,,,,,,,,,,,,,14255,156.8672763,6.096106629,84.39903182,57.37625386,,480.8356558,,,,,,355.834132,125.0015238
,1260,PHL,PH140000000,PH140111000,LAGAYAN,132.972,,,,,,,,,,,,,,4499,33.83419066,5.690153367,90,45.33263504,,437.8110027,,,,,,286.8865598,150.9244429
,1261,PHL,PH140000000,PH140112000,LANGIDEN,89.794,,,,,,,,,,,,,,3198,35.61485177,6.472795497,80,70.34683547,,506.6296697,,,,,,369.1076354,137.5220343
,1262,PHL,PH140000000,PH140113000,LICUAN-BAAY (LICUAN),275.356,,,,,,,,,,,,,,4689,17.02886445,5.118362124,83.47428038,59.75724586,,488.6,,,,,,366.25,122.35
,1263,PHL,PH140000000,PH140114000,LUBA,137.091,,,,,,,,,,,,,,6339,46.23935926,5.521375611,80,92.65623679,,701.85,,,,,,563.85,138
,1264,PHL,PH140000000,PH140115000,MALIBCONG,259.201,,,,,,,,,,,,,,3428,13.22525762,7.64294049,88.85616409,52.19232663,,487.3333333,,,,,,359.6333333,127.7
,1265,PHL,PH140000000,PH140116000,MANABO,77.114,,,,,,,,,,,,,,10761,139.5466452,6.402750674,80,82.68918135,,595.3631133,,,,,,463.3000737,132.0630396
,1266,PHL,PH140000000,PH140117000,PEÌÔARRUBIA,39.568,,,,,,,,,,,,,,6640,167.8123736,5.737951807,80,72.26783872,,509.4,,,,,,386.2,123.2
,1267,PHL,PH140000000,PH140118000,PIDIGAN,54.945,,,,,,,,,,,,,,12185,221.7672218,5.326220763,80,75.88319438,,503.2487839,,,,,,380.9307545,122.3180294
,1268,PHL,PH140000000,PH140119000,PILAR,84.88,,,,,,,,,,,,,,10223,120.4406221,6.36799374,80,92.14208619,,669.922532,,,,,,534.347155,135.575377
,1269,PHL,PH140000000,PH140120000,SALLAPADAN,133.405,,,,,,,,,,,,,,6622,49.6383194,6.387798248,80,72.16352945,,560.1090117,,,,,,434.2172607,125.891751
,1270,PHL,PH140000000,PH140121000,SAN ISIDRO,45.047,,,,,,,,,,,,,,4574,101.5383932,5.815478793,80,80.52548595,,531.3300331,,,,,,409.3030656,122.0269675
,1271,PHL,PH140000000,PH140122000,SAN JUAN,68.468,,,,,,,,,,,,,,9867,144.1111176,6.263301915,89.11240732,51.3968924,,463.7138094,,,,,,322.9843743,140.729435
,1272,PHL,PH140000000,PH140123000,SAN QUINTIN,57.325,,,,,,,,,,,,,,5438,94.86262538,5.90290548,80,80.38349511,,497.39141,,,,,,377.6392056,119.7522044
,1273,PHL,PH140000000,PH140124000,TAYUM,48.4,,,,,,,,,,,,,,14467,298.9049587,5.26024746,80,64.64506173,,457.9554601,,,,,,330.9219226,127.0335375
,1274,PHL,PH140000000,PH140125000,TINEG,744.66,,,,,,,,,,,,,,5097,6.84473451,8.24014126,96.6455649,32.2091475,,422.6,,,,,,274.4125,148.1875
,1275,PHL,PH140000000,PH140126000,TUBO,431.591,,,,,,,,,,,,,,5699,13.20463124,4.667485524,79.85337024,94.89156206,,696.05,,,,,,554.05,142
,1276,PHL,PH140000000,PH140127000,VILLAVICIOSA,88.849,,,,,,,,,,,,,,5392,60.6872334,4.56231454,80,88.09506836,,614.5838851,,,,,,486.2373283,128.3465567
,1277,PHL,PH140000000,PH141101000,ATOK,178.62,,,,,,,,,,,,,,19668,110.1108498,4.265812487,58.29790029,166.222302,,636.15,,,,,,443.15,193
,1278,PHL,PH140000000,PH141102000,BAGUIO CITY,58.134,,,,,,,,,,,,,,345366,5940.86077,0.926263732,50,190.6658432,,582.8428088,,,,,,317.3650128,265.477796
,1279,PHL,PH140000000,PH141103000,BAKUN,315.461,,,,,,,,,,,,,,15357,48.6811365,6.094940418,60.01540655,145.1511629,,660.6,,,,,,525.6,135
,1280,PHL,PH140000000,PH141104000,BOKOD,388.871,,,,,,,,,,,,,,13756,35.37419864,4.267228846,53.18073778,175.608608,,556.3,,,,,,288,268.3
,1281,PHL,PH140000000,PH141105000,BUGUIAS,176.476,,,,,,,,,,,,,,43627,247.2120855,3.092121851,60,145.2802806,,512.1540817,,,,,,320.8499718,191.30411
,1282,PHL,PH140000000,PH141106000,ITOGON,436.806,,,,,,,,,,,,,,59820,136.9486683,1.534603811,50,194.3640087,,582.3,,,,,,300.475,281.825
,1283,PHL,PH140000000,PH141107000,KABAYAN,190.275,,,,,,,,,,,,,,15260,80.19971094,5.950196592,60,157.9037033,,525.0894051,,,,,,269.899895,255.1895101
,1284,PHL,PH140000000,PH141108000,KAPANGAN,181.121,,,,,,,,,,,,,,19361,106.8953904,5.27348794,56.07471459,169.8802888,,680.35,,,,,,505.2,175.15
,1285,PHL,PH140000000,PH141109000,KIBUNGAN,167.148,,,,,,,,,,,,,,17292,103.4532271,8.506823965,60,156.721239,,597.5759732,,,,,,427.1721196,170.4038536
,1286,PHL,PH140000000,PH141110000,LA TRINIDAD (Capital),70.479,,,,,,,,,,,,,,129133,1832.219526,0.652815314,50,184.2967962,,648.55,,,,,,416.2,232.35
,1287,PHL,PH140000000,PH141111000,MANKAYAN,146.184,,,,,,,,,,,,,,35953,245.9434685,1.830167163,63.19732904,136.0245084,,607.75,,,,,,478,129.75
,1288,PHL,PH140000000,PH141112000,SABLAN,101.65,,,,,,,,,,,,,,11457,112.7102804,3.543685083,50,183.9052541,,652.4015641,,,,,,431.5165191,220.8850449
,1289,PHL,PH140000000,PH141113000,TUBA,342.245,,,,,,,,,,,,,,47648,139.2219024,2.132303559,50,200.3990849,,594.4,,,,,,334.35,260.05
,1290,PHL,PH140000000,PH141114000,TUBLAY,76.356,,,,,,,,,,,,,,17892,234.3234323,4.303599374,50,178.2967719,,550.9588644,,,,,,321.5884562,229.3704082
,1291,PHL,PH140000000,PH142701000,BANAUE,192.223,,,,,,,,,,,,,,21837,113.6024305,4.176397857,70.08636381,115.463835,,460.5662885,,,,,,274.8582865,185.708002
,1292,PHL,PH140000000,PH142702000,HUNGDUAN,241.534,,,,,,,,,,,,,,9400,38.91791632,4.808510638,69.14245582,126.2553607,,499.1081488,,,,,,328.8713437,170.236805
,1293,PHL,PH140000000,PH142703000,KIANGAN,119.159,,,,,,,,,,,,,,17048,143.0693443,4.487329892,67.65882785,131.9206862,,517.95,,,,,,316.3,201.65
,1294,PHL,PH140000000,PH142704000,LAGAWE (Capital),229.016,,,,,,,,,,,,,,19333,84.41768261,3.082811773,69.72024808,126.2834778,,471.4,,,,,,260.4666667,210.9333333
,1295,PHL,PH140000000,PH142705000,LAMUT,150.375,,,,,,,,,,,,,,25279,168.1064007,4.394952332,62.38058602,136.538512,,481.9508625,,,,,,228.602802,253.3480605
,1296,PHL,PH140000000,PH142706000,MAYOYAO,273.829,,,,,,,,,,,,,,17331,63.29132415,3.069643991,71.74075407,113.2663964,,459.45,,,,,,274.65,184.8
,1297,PHL,PH140000000,PH142707000,ALFONSO LISTA (POTIA),358.698,,,,,,,,,,,,,,32119,89.54329269,4.620318192,77.21593172,97.96991415,,394.825,,,,,,213.75,181.075
,1298,PHL,PH140000000,PH142708000,AGUINALDO,450.084,,,,,,,,,,,,,,19408,43.12083967,7.151690025,75.34904364,104.9574232,,442.3,,,,,,253.175,189.125
,1299,PHL,PH140000000,PH142709000,HINGYON,57.259,,,,,,,,,,,,,,9227,161.1449728,4.345941259,70,122.3832798,,459.787037,,,,,,270.5355015,189.2515355
,1300,PHL,PH140000000,PH142710000,TINOC,229.308,,,,,,,,,,,,,,16559,72.21291887,6.691225316,60,145.4167653,,504.05,,,,,,287.85,216.2
,1301,PHL,PH140000000,PH142711000,ASIPULO,205.453,,,,,,,,,,,,,,15261,74.27976228,7.437258371,60,143.539213,,510.75,,,,,,269.65,241.1
,1302,PHL,PH140000000,PH143201000,BALBALAN,632.065,,,,,,,,,,,,,,12195,19.29390173,8.093480935,88.66166416,51.20314089,,439.2,,,,,,316.6571429,122.5428571
,1303,PHL,PH140000000,PH143206000,LUBUAGAN,62.438,,,,,,,,,,,,,,8733,139.8667478,7.385778083,80,69.12342371,,513.2547215,,,,,,348.7625513,164.4921701
,1304,PHL,PH140000000,PH143208000,PASIL,337.113,,,,,,,,,,,,,,9644,28.60761822,6.999170469,80.02079738,74.32043507,,578.25,,,,,,432.55,145.7
,1305,PHL,PH140000000,PH143209000,PINUKPUK,366.111,,,,,,,,,,,,,,32026,87.47620257,6.956847561,95.93822951,38.28172802,,445.375,,,,,,306.75,138.625
,1306,PHL,PH140000000,PH143211000,RIZAL (LIWAN),184.744,,,,,,,,,,,,,,17038,92.22491664,5.071017725,97.05034401,38.37441635,,333.8065504,,,,,,215.8985319,117.9080184
,1307,PHL,PH140000000,PH143213000,CITY OF TABUK (Capital),689.768,,,,,,,,,,,,,,110642,160.4046578,4.039153305,88.54421723,53.50907464,,408.5,,,,,,284.5666667,123.9333333
,1308,PHL,PH140000000,PH143214000,TANUDAN,338.962,,,,,,,,,,,,,,9534,28.12704669,7.310677575,80,72.85696536,,512.2666667,,,,,,332.5,179.7666667
,1309,PHL,PH140000000,PH143215000,TINGLAYAN,213.982,,,,,,,,,,,,,,12868,60.13589928,6.535592167,80,81.39313688,,510.6,,,,,,338.85,171.75
,1310,PHL,PH140000000,PH144401000,BARLIG,252.558,,,,,,,,,,,,,,4819,19.08076561,5.955592447,79.39137485,99.2486332,,554.8,,,,,,341.6,213.2
,1311,PHL,PH140000000,PH144402000,BAUKO,129.317,,,,,,,,,,,,,,31065,240.2236365,4.149364236,69.75400875,125.0312161,,477.9558878,,,,,,336.6680735,141.2878143
,1312,PHL,PH140000000,PH144403000,BESAO,130.566,,,,,,,,,,,,,,7040,53.91909073,3.082386364,74.66286358,107.4339019,,587.8760901,,,,,,434.559169,153.3169211
,1313,PHL,PH140000000,PH144404000,BONTOC (Capital),279.979,,,,,,,,,,,,,,24643,88.01731558,1.797670738,77.17616406,103.9242607,,548.0333333,,,,,,389.0666667,158.9666667
,1314,PHL,PH140000000,PH144405000,NATONIN,359.322,,,,,,,,,,,,,,10272,28.58717251,8.177570093,80,88.73737526,,525.6666667,,,,,,335.3,190.3666667
,1315,PHL,PH140000000,PH144406000,PARACELIS,471.255,,,,,,,,,,,,,,28121,59.67257642,5.927954198,80,76.33357053,,421.2666667,,,,,,258.2666667,163
,1316,PHL,PH140000000,PH144407000,SABANGAN,113.248,,,,,,,,,,,,,,9315,82.25310822,3.950617284,70,119.4136147,,485.0954608,,,,,,326.847078,158.2483829
,1317,PHL,PH140000000,PH144408000,SADANGA,176.241,,,,,,,,,,,,,,8799,49.92595367,5.216501875,80,92.68998348,,542.2794036,,,,,,355.6797394,186.5996642
,1318,PHL,PH140000000,PH144409000,SAGADA,64.814,,,,,,,,,,,,,,11127,171.6758725,2.462478656,75.18952384,107.2281002,,554.4691692,,,,,,393.6021487,160.8670205
,1319,PHL,PH140000000,PH144410000,TADIAN,135.607,,,,,,,,,,,,,,19389,142.9793447,4.347826087,70,121.5251168,,495.0353005,,,,,,355.0072866,140.0280139
,1320,PHL,PH140000000,PH148101000,CALANASAN (BAYAG),1363.725,,,,,,,,,,,,,,12604,9.242332582,4.81593145,116.6294412,21.94897035,,353.0545455,,,,,,246.2909091,106.7636364
,1321,PHL,PH140000000,PH148102000,CONNER,704.189,,,,,,,,,,,,,,26051,36.99432965,6.207055391,102.51874,24.82825206,,476.22,,,,,,305.34,170.88
,1322,PHL,PH140000000,PH148103000,FLORA,243.713,,,,,,,,,,,,,,17391,71.35852417,7.020872865,122.5077145,20.04598256,,390.2,,,,,,236.5666667,153.6333333
,1323,PHL,PH140000000,PH148104000,KABUGAO (Capital),989.822,,,,,,,,,,,,,,15537,15.69676164,8.071056188,111.3724066,5.131023013,,462.5857143,,,,,,285.5,177.0857143
,1324,PHL,PH140000000,PH148105000,LUNA,320.658,,,,,,,,,,,,,,19063,59.44963169,6.23721345,118.5716069,32.64424491,,298.1,,,,,,212.6,85.5
,1325,PHL,PH140000000,PH148106000,PUDTOL,302.258,,,,,,,,,,,,,,14925,49.37834565,7.54438861,120.6920865,16.74880045,,309.9,,,,,,190.7333333,119.1666667
,1326,PHL,PH140000000,PH148107000,SANTA MARCELA,64.906,,,,,,,,,,,,,,13613,209.734077,6.155880408,119.4601239,35.21230466,,288.5467895,,,,,,200.5979266,87.94886293
